age,marital,balance,has_housing_loan,has_personal_loan,duration,y
30,married,1787,False,False,79,False
33,married,4789,True,True,220,False
35,single,1350,True,False,185,False
30,married,1476,True,True,199,False
59,married,0,True,False,226,False
35,single,747,False,False,141,False
36,married,307,True,False,341,False
39,married,147,True,False,151,False
41,married,221,True,False,57,False
43,married,-88,True,True,313,False
39,married,9374,True,False,273,False
43,married,264,True,False,113,False
36,married,1109,False,False,328,False
20,single,502,False,False,261,True
31,married,360,True,True,89,False
40,married,194,False,True,189,False
56,married,4073,False,False,239,False
37,single,2317,True,False,114,False
25,single,-221,True,False,250,False
31,married,132,False,False,148,False
38,divorced,0,True,False,96,False
42,divorced,16,False,False,140,False
44,single,106,False,False,109,False
44,married,93,False,False,125,False
26,married,543,False,False,169,False
41,married,5883,False,False,182,False
55,married,627,True,False,247,False
67,married,696,False,False,119,False
56,married,784,False,True,149,False
53,married,105,False,True,74,False
68,divorced,4189,False,False,897,True
31,married,171,False,False,81,False
59,married,42,False,False,40,False
32,single,2536,True,False,958,True
49,married,1235,False,False,354,True
42,divorced,1811,True,False,150,False
78,divorced,229,False,False,97,True
32,married,2089,True,False,132,True
33,married,3935,True,False,765,True
23,single,363,True,False,16,False
38,single,11971,True,False,609,False
36,single,553,False,False,106,False
52,married,1117,True,False,365,False
32,married,396,True,False,205,False
32,single,2204,True,False,11,False
34,single,872,True,False,105,False
55,married,145,False,False,59,False
26,married,0,True,False,425,False
32,single,-849,True,True,204,False
61,married,4629,True,False,181,True
45,divorced,844,False,False,1018,True
37,single,228,True,False,1740,False
38,single,50,False,False,98,False
34,married,1539,True,False,441,True
53,married,2231,True,False,272,False
48,married,3064,True,False,159,False
57,married,82,False,True,140,False
33,single,2155,False,False,295,False
36,single,101,True,True,314,False
54,divorced,784,True,True,579,False
41,married,-516,False,True,554,False
63,married,415,True,False,323,False
48,married,5887,False,False,227,False
48,married,1355,False,False,134,False
56,married,16873,False,False,223,False
51,divorced,203,True,False,134,False
31,married,338,True,False,155,False
29,married,444,True,False,130,False
41,married,0,False,True,630,False
32,single,360,False,False,164,False
37,married,0,False,False,268,True
42,divorced,2,True,False,380,False
31,single,6248,True,False,154,False
41,married,412,True,False,154,False
56,married,344,True,False,221,False
54,divorced,3222,False,False,67,False
41,divorced,174,True,False,367,False
40,single,591,False,True,87,False
50,divorced,388,False,False,701,False
40,married,219,True,False,204,False
27,divorced,451,True,False,652,True
60,married,5,False,False,63,False
28,single,177,True,True,150,False
52,married,657,False,False,398,True
37,married,1315,False,False,224,True
51,married,1466,True,False,406,False
41,single,879,False,True,60,False
35,single,293,True,False,521,False
38,married,424,True,False,279,False
34,married,1831,True,False,203,False
39,married,111,False,False,201,False
34,married,455,True,False,372,False
27,single,-195,True,False,391,True
32,single,3616,False,False,165,False
57,married,14093,False,False,231,False
41,single,1567,False,False,291,False
41,married,5426,True,False,149,False
30,single,261,False,False,233,False
36,divorced,2843,False,False,473,False
31,single,406,False,False,736,True
36,married,0,True,False,337,False
38,single,493,True,False,553,False
49,married,5996,False,False,345,False
57,single,3777,True,False,65,False
34,single,524,False,False,9,False
32,single,574,True,False,259,False
37,married,427,True,True,371,False
33,married,483,True,False,280,False
56,married,3391,False,False,243,True
27,married,0,True,False,435,False
21,single,2488,False,False,258,True
58,married,1517,True,False,7,False
32,married,217,True,True,317,False
33,single,22,False,False,76,False
25,single,331,False,False,170,True
25,single,505,False,True,386,True
30,married,1808,True,False,83,False
22,single,4111,False,True,65,False
39,married,52,False,False,69,False
46,divorced,25,False,False,564,False
31,divorced,1890,True,False,588,False
45,married,419,False,False,113,False
32,married,2693,True,False,16,False
36,married,-231,False,True,779,False
51,single,-55,True,False,281,False
34,single,462,False,False,1877,True
24,single,119,False,False,51,False
45,single,586,False,True,32,False
32,single,228,False,False,176,False
77,divorced,4659,False,False,161,True
41,married,168,True,False,187,False
37,married,0,True,False,24,False
43,married,-715,True,False,67,False
48,married,0,True,False,85,False
27,single,769,True,False,317,False
33,single,0,False,False,236,False
29,single,428,True,True,54,False
34,single,0,False,False,71,False
52,married,-970,True,False,489,True
60,married,6313,False,False,39,False
32,divorced,948,False,False,204,False
32,single,0,True,False,455,False
56,divorced,1877,True,False,86,False
31,single,874,True,False,190,False
42,married,323,True,True,280,False
35,married,106,False,True,588,False
56,married,1906,False,True,45,False
48,married,1152,True,False,168,False
46,married,179,True,False,194,False
37,single,391,True,False,103,False
41,married,89,True,False,333,False
36,single,442,True,True,102,False
45,divorced,-249,True,True,92,False
55,married,8104,False,False,213,False
39,married,501,False,False,289,False
35,divorced,308,False,False,77,False
55,married,602,False,False,324,True
55,married,273,True,False,84,False
27,single,50,False,False,168,False
34,married,1641,True,False,380,False
34,married,20,False,False,10,False
25,single,4590,True,False,199,False
41,single,-256,False,True,35,False
43,married,978,True,True,82,False
28,single,80,False,False,676,True
31,single,2104,True,False,455,False
78,married,499,False,False,80,False
45,divorced,1269,True,False,549,False
48,married,310,False,False,135,False
32,single,1143,True,True,412,False
42,married,2980,False,False,101,False
37,single,37,False,False,253,False
40,single,462,True,True,272,False
32,married,1031,True,False,84,False
42,married,9009,False,False,135,False
43,married,-465,True,True,166,False
44,married,5181,True,True,18,False
37,married,176,True,False,147,False
37,married,1699,False,False,63,False
37,married,0,True,False,65,False
28,single,172,True,True,194,False
32,single,0,False,True,333,False
34,single,6979,True,False,14,False
40,divorced,6,False,False,140,False
34,married,-62,True,False,109,False
34,married,1972,True,False,61,False
34,married,899,True,False,377,False
37,single,21,True,False,96,False
36,married,23,True,False,152,False
56,married,-1206,True,False,382,True
49,married,0,True,True,97,False
33,married,215,True,False,543,False
30,single,1372,False,False,240,False
36,married,1981,False,False,48,False
23,single,9216,False,False,471,False
57,divorced,39,True,False,354,False
27,single,5563,True,False,435,False
38,married,1,False,True,152,False
42,married,782,False,False,285,False
75,married,3771,False,False,185,True
34,single,992,True,False,301,False
48,married,1526,False,False,273,False
35,single,2658,True,False,768,True
39,divorced,1315,True,False,1337,False
29,single,455,False,False,403,True
45,single,0,True,False,139,False
42,married,2030,True,True,196,False
29,married,1599,True,False,115,False
38,single,-196,True,False,60,False
56,married,1333,False,False,17,False
36,single,9149,True,False,141,False
25,single,-350,True,False,95,False
38,married,432,True,False,10,False
57,married,11494,False,False,198,False
31,married,-253,False,False,220,False
42,married,372,True,False,654,True
45,married,1410,False,False,71,False
30,married,975,True,False,256,False
49,married,305,True,True,834,False
49,married,400,False,False,151,False
53,married,-22,True,False,20,False
37,married,4030,True,False,178,False
49,married,365,False,False,59,False
41,married,204,False,False,111,False
54,married,1691,True,False,186,False
32,single,406,True,False,227,False
33,married,-204,False,False,297,False
33,married,359,True,False,210,False
36,married,123,True,False,9,False
35,married,0,True,True,112,False
52,married,142,False,False,112,False
40,married,3571,False,False,222,False
44,single,33,True,False,195,False
45,single,0,True,False,768,False
30,single,3096,False,False,123,False
48,divorced,20,False,False,145,False
33,married,3576,True,False,124,False
57,married,206,True,False,216,False
57,married,7082,False,False,69,False
51,married,1634,True,False,168,False
34,single,1,True,False,483,False
50,married,4012,False,False,690,False
44,married,3762,False,False,125,False
27,married,-247,True,True,344,False
50,married,606,True,False,673,False
36,married,0,True,False,60,False
42,married,-189,True,False,247,False
32,single,0,False,False,123,False
42,married,484,True,False,144,False
43,married,0,False,True,9,False
31,married,395,True,False,155,False
32,married,2349,False,False,134,False
55,divorced,410,False,True,221,False
58,married,3401,True,False,84,False
46,married,222,False,False,71,False
55,married,989,True,True,246,False
34,married,415,False,True,361,False
28,single,16,False,False,119,False
42,divorced,7190,True,False,375,False
29,single,482,False,True,1097,True
54,married,209,True,True,97,False
32,single,0,False,False,181,False
39,single,5803,False,False,83,False
53,married,624,False,True,180,False
58,married,883,False,False,543,False
40,married,1516,True,True,373,False
29,single,872,True,False,230,False
33,married,-988,True,True,83,False
38,single,902,True,False,58,False
56,divorced,1007,False,False,88,False
40,married,0,True,False,297,False
24,single,174,True,True,487,True
46,married,12186,False,False,29,False
35,married,524,True,False,484,False
35,single,0,True,False,262,False
34,married,4,True,False,644,False
35,married,11219,False,False,699,False
38,single,0,False,False,247,False
50,married,5776,False,False,49,False
51,divorced,37,True,False,341,False
59,married,593,False,False,64,False
32,married,1148,True,False,121,False
37,single,3561,True,False,98,False
42,divorced,63,False,False,88,False
40,married,260,False,False,197,False
28,single,2269,True,False,331,False
47,married,1060,True,False,83,False
27,married,-220,True,False,138,False
41,married,49,True,False,312,False
34,married,69,False,True,120,True
50,married,4108,True,False,526,True
47,married,480,True,False,211,False
53,married,4994,False,False,62,False
53,divorced,0,True,True,135,False
47,married,3681,False,False,101,False
49,divorced,-701,True,False,988,True
29,married,451,False,False,451,False
45,divorced,-311,True,False,1030,True
38,married,593,True,True,1484,True
32,married,759,True,False,317,True
70,divorced,4531,False,False,445,False
65,divorced,1840,False,False,383,False
56,married,345,True,False,605,False
35,married,1287,True,False,330,False
56,married,353,False,True,171,False
56,married,205,False,True,442,False
49,married,687,True,False,772,True
38,married,1147,True,True,249,False
35,married,4286,True,False,357,False
38,married,605,False,False,147,False
49,married,8545,True,True,199,False
55,married,559,False,False,271,False
43,single,2,True,False,783,False
43,married,2,False,True,472,False
25,single,760,True,False,223,True
30,married,1317,True,False,395,False
46,married,182,False,False,56,False
50,married,276,False,True,641,False
35,married,2971,False,False,429,True
26,single,1064,False,False,113,False
45,married,1783,False,False,11,False
37,married,-67,False,False,157,False
60,single,179,False,True,79,False
38,married,1199,False,False,178,True
47,married,214,True,True,168,False
33,married,6699,False,False,425,False
51,married,1760,False,True,162,False
35,single,145,True,False,799,True
35,married,978,False,False,1370,True
48,single,1150,True,False,357,False
37,married,121,False,False,22,False
29,single,828,True,False,215,False
34,married,244,True,False,56,False
32,married,228,True,False,1017,True
30,single,424,False,False,298,True
47,divorced,447,False,True,126,False
33,married,-195,False,False,9,False
33,single,1410,True,False,8,False
63,married,1084,False,False,201,False
51,divorced,10924,False,False,106,False
41,married,832,True,True,164,False
56,married,478,False,False,97,False
60,single,0,False,True,151,False
41,single,3950,True,False,96,False
37,single,504,True,False,555,False
36,single,219,True,True,270,False
57,married,1602,False,False,339,False
55,married,2587,False,False,328,True
44,married,0,True,True,159,False
47,married,2303,True,False,323,False
31,married,1660,True,False,342,False
35,married,32,True,False,180,False
39,married,278,False,True,60,False
50,married,4,False,False,223,False
29,married,318,True,False,1434,False
30,single,209,True,False,30,False
46,married,271,True,False,134,False
27,single,3196,False,False,10,False
48,divorced,4099,False,False,397,True
26,single,2572,True,False,620,False
36,single,339,False,False,6,False
42,married,0,True,True,209,False
50,married,395,True,False,419,False
49,married,2039,True,False,283,False
45,married,5450,False,False,188,False
23,single,780,False,False,267,False
38,single,0,True,False,196,False
32,single,8436,True,False,245,False
60,single,11262,False,False,323,True
30,married,946,True,False,1065,False
58,married,497,False,False,138,False
60,married,55,False,False,207,False
38,married,-140,False,False,456,False
51,married,-379,True,False,261,False
42,married,-396,True,False,80,False
30,single,0,True,False,131,False
40,married,733,True,False,94,False
37,married,393,True,False,567,True
53,divorced,7290,True,False,153,False
27,single,468,True,False,109,False
39,married,0,True,False,53,False
39,married,3705,True,False,77,False
59,married,9676,False,False,234,True
37,married,1328,True,False,121,False
41,married,8,True,False,155,False
45,married,61,False,False,108,False
48,married,6613,False,False,159,False
48,married,302,True,False,208,False
32,married,1005,False,False,215,False
35,married,109,True,False,597,False
33,single,1240,True,False,505,False
28,single,0,True,True,380,False
64,married,2923,False,False,120,False
35,married,0,False,False,106,False
33,married,43,True,False,332,False
41,married,288,True,False,221,False
34,married,613,True,False,80,False
37,single,6101,False,False,60,False
38,married,168,True,True,212,False
39,married,7685,True,False,493,False
35,divorced,4515,True,False,98,False
28,single,517,False,True,681,True
27,single,148,False,False,203,False
48,married,-285,False,True,157,False
50,married,887,False,False,287,False
45,married,3098,True,False,159,False
41,married,744,True,False,125,False
39,married,130,False,False,202,False
44,married,438,True,False,37,False
54,married,0,False,False,161,True
49,married,322,False,False,72,False
34,single,186,False,False,342,False
75,divorced,3810,True,False,262,True
42,married,0,False,False,325,False
53,married,4380,False,False,223,False
49,divorced,755,False,False,1212,True
31,single,2070,False,False,319,False
45,single,999,False,False,182,False
39,married,167,True,True,330,False
46,married,1322,True,True,514,False
42,divorced,1076,True,False,213,False
37,married,502,True,False,551,False
26,single,1216,True,False,472,False
37,single,876,True,False,140,False
36,single,342,True,False,142,False
29,single,950,True,False,135,False
36,married,973,True,True,293,False
26,married,3825,True,False,107,False
32,married,2366,True,False,127,False
40,married,542,True,False,1816,False
53,married,995,False,False,200,False
29,married,20,True,False,418,False
34,single,228,True,False,387,False
43,married,130,False,False,156,False
56,married,217,False,True,121,False
55,divorced,0,False,False,108,False
31,married,259,True,False,47,False
27,single,619,True,False,16,False
36,married,644,True,False,54,False
44,married,22,True,False,265,False
37,divorced,4303,True,False,168,False
30,single,239,True,False,115,False
42,single,275,False,False,31,False
30,married,1221,True,False,279,True
62,married,816,False,False,28,False
24,married,1222,True,False,369,False
31,married,2363,True,False,247,False
66,married,2262,False,False,155,False
47,married,2,False,False,89,False
39,married,2,True,False,180,False
35,married,4508,True,False,854,True
35,divorced,-402,True,False,46,False
27,married,1577,True,True,266,False
32,married,34,True,False,321,False
44,married,795,False,False,99,False
42,married,117,True,False,147,False
34,single,5462,False,False,430,True
25,single,402,False,True,264,False
40,single,641,False,False,156,False
43,divorced,36,False,False,118,False
55,married,383,False,False,343,False
50,married,283,True,False,226,False
45,divorced,0,False,False,5,False
35,divorced,3102,True,False,138,False
32,married,889,True,False,185,True
59,married,0,False,False,722,False
34,married,-370,True,False,748,False
39,married,-606,True,False,142,False
40,single,10378,True,False,523,False
36,single,1313,True,False,8,False
40,married,8969,True,False,153,False
55,married,-196,True,False,210,False
38,married,15,True,False,121,False
61,married,4608,False,False,212,True
41,married,666,True,False,253,False
57,married,452,True,False,139,False
48,married,149,True,False,71,False
77,married,7802,False,False,421,True
35,married,1453,True,False,199,False
54,married,1480,True,False,108,False
37,single,715,True,False,247,False
56,single,237,True,False,236,False
40,married,694,True,False,97,False
40,married,0,False,False,109,False
54,married,55,True,False,112,False
55,married,136,True,False,15,False
55,divorced,-404,True,False,502,False
52,married,779,True,False,30,False
55,single,1187,True,False,193,False
33,married,641,True,False,347,False
52,married,826,True,False,468,False
33,divorced,991,True,False,148,False
53,married,1796,False,False,295,True
46,married,22,False,False,388,True
44,single,244,True,False,1735,True
48,divorced,1328,True,False,339,False
50,married,7317,True,False,172,False
34,single,4943,True,True,117,False
38,single,258,False,True,587,False
42,single,515,True,False,501,False
32,single,12607,False,False,203,False
58,married,2,True,True,282,False
31,married,13,False,False,110,False
19,single,103,False,False,104,True
41,married,3872,False,False,231,False
31,married,296,True,False,378,False
52,single,217,False,True,193,False
42,divorced,360,True,False,110,False
41,single,428,True,False,92,False
30,single,315,False,False,1407,True
38,married,121,True,True,168,False
32,married,820,True,False,738,False
52,married,195,True,False,220,True
48,divorced,108,True,False,89,False
36,married,-381,True,False,30,False
45,divorced,757,False,False,103,False
34,married,691,True,True,70,False
36,married,1925,True,False,904,True
34,married,902,True,False,159,False
61,married,5207,False,False,336,False
54,married,0,False,False,220,False
50,married,665,False,False,238,False
43,divorced,738,True,False,585,False
47,married,233,False,False,293,False
45,married,-839,True,False,68,False
57,married,5799,False,False,97,False
27,married,1033,True,False,1713,False
49,divorced,66,False,False,218,False
43,married,2567,True,False,109,False
40,married,1584,True,False,661,False
32,single,182,True,False,145,False
58,married,76,True,False,54,False
34,single,663,True,False,111,False
46,divorced,3455,True,False,566,False
29,married,15,False,False,136,False
52,married,1054,False,False,273,False
45,married,1529,False,False,160,False
26,single,63,False,False,76,False
40,married,0,False,False,44,False
41,married,920,True,True,239,False
47,single,3696,False,False,250,True
27,single,59,False,False,792,False
27,married,0,True,False,198,False
48,married,157,True,False,73,False
49,married,2465,False,False,157,False
35,married,0,True,False,90,False
47,married,2,False,False,236,False
54,married,0,False,False,118,False
39,single,12437,False,False,40,False
28,single,378,True,False,346,False
54,married,211,False,False,200,False
34,married,-228,True,False,187,False
63,married,2747,False,False,113,False
42,married,1932,True,False,192,False
43,single,11269,False,False,92,False
37,married,1314,True,False,682,False
55,married,2275,False,False,139,False
43,single,1304,False,False,501,True
41,married,720,False,True,651,True
47,divorced,2914,True,False,405,False
34,married,1464,True,False,350,False
28,single,11555,False,False,125,False
36,married,-302,True,False,36,False
50,married,2497,True,False,35,False
35,married,-339,True,False,389,False
40,married,56,True,True,194,False
26,single,211,False,False,168,False
36,divorced,3611,True,False,347,False
59,married,0,False,False,3025,False
28,single,459,False,False,83,False
46,married,242,True,False,332,False
50,married,1138,False,False,219,False
53,married,1319,True,False,427,False
81,married,1,False,False,65,False
35,divorced,67,True,False,192,False
58,married,937,False,False,155,False
44,married,0,True,True,161,False
38,married,-558,True,False,533,False
49,married,171,False,False,19,False
33,single,696,False,True,193,False
29,married,361,True,True,819,False
28,single,227,False,False,278,True
31,married,236,True,True,211,False
33,single,-53,False,False,617,False
52,married,192,True,False,61,False
43,divorced,38,True,False,197,False
32,single,518,True,False,34,False
36,married,16,True,True,95,False
41,married,-256,True,False,147,False
43,married,105,False,True,668,False
45,married,334,False,False,87,False
39,married,1048,False,True,405,False
41,married,108,True,True,83,False
31,married,660,False,False,115,False
37,single,0,True,False,108,False
28,married,1034,False,False,113,False
47,married,201,True,False,58,False
37,married,189,False,False,148,False
60,divorced,-49,True,False,188,False
43,divorced,1413,True,False,75,False
58,divorced,264,True,True,523,False
52,married,54,True,True,103,False
50,married,12519,True,False,146,False
32,single,2881,False,False,356,True
42,married,0,True,False,71,False
31,married,88,True,True,189,False
28,married,1020,True,False,251,False
36,divorced,119,False,False,127,False
51,single,1594,False,False,197,False
46,married,342,True,True,84,False
50,single,72,False,False,141,False
32,married,14,True,False,171,False
26,single,81,False,False,262,False
41,married,231,False,False,352,True
39,married,1161,True,False,236,False
31,married,-45,True,False,184,False
28,single,231,True,True,568,False
31,single,36,False,False,105,False
30,married,1570,True,False,260,False
35,married,7050,False,False,222,True
33,married,3704,True,False,447,False
30,single,6619,True,False,239,False
32,single,-84,True,False,426,False
40,single,1509,False,False,333,False
31,married,1134,False,False,174,False
36,married,146,True,True,284,False
33,single,9449,True,False,428,False
57,married,374,True,True,236,False
45,married,88,False,False,150,False
59,married,2764,False,False,237,False
30,single,2,True,True,1031,True
33,married,8023,False,False,107,False
52,married,289,True,False,45,False
83,married,0,False,False,140,False
58,divorced,1382,False,False,700,True
33,divorced,280,False,True,155,False
41,divorced,2195,True,False,211,False
31,married,33,False,False,165,False
35,divorced,275,False,True,144,False
27,single,703,True,False,590,True
57,divorced,887,False,False,43,False
56,married,0,False,False,471,False
53,single,1178,True,False,295,False
39,married,2763,True,False,526,True
32,single,890,True,True,27,False
46,married,548,False,False,1181,True
56,married,272,False,False,103,False
46,divorced,6269,True,False,249,False
29,married,178,True,False,231,False
60,married,252,True,True,123,False
33,single,23663,True,False,199,False
27,single,81,False,False,197,False
50,divorced,59,True,False,67,False
45,married,1343,False,True,220,False
58,married,225,False,False,122,False
59,married,0,True,False,104,False
58,divorced,2538,True,False,307,False
64,married,43,False,False,117,False
47,married,57,False,False,253,False
40,married,-117,True,False,770,False
36,divorced,666,True,True,190,False
28,single,0,True,False,767,True
38,single,25,True,False,232,True
53,married,1034,True,False,854,False
46,single,324,True,False,293,False
54,married,0,False,False,986,False
32,married,0,False,False,66,False
55,married,621,False,True,114,False
55,divorced,138,False,False,205,False
56,married,4063,False,True,31,False
40,married,11084,False,False,113,False
44,married,310,True,False,200,False
32,married,73,True,False,158,False
33,married,1808,True,False,99,False
41,divorced,1281,False,False,45,False
37,married,64,True,False,239,False
58,single,2,True,False,168,False
52,married,60,False,True,196,False
49,single,133,False,False,319,False
44,married,3706,False,False,209,False
28,single,174,False,False,184,False
31,married,251,False,True,156,False
37,married,4153,True,False,35,False
30,single,985,True,False,88,False
28,single,168,False,False,347,True
46,married,1550,True,False,126,False
47,married,7708,True,False,157,False
35,married,-12,True,False,212,False
80,married,6483,False,False,123,False
30,single,60,True,True,306,False
55,single,3339,True,False,63,False
22,single,1161,False,True,119,False
33,single,599,True,False,29,False
53,married,28,False,False,117,False
49,married,1430,False,False,231,False
51,married,35,False,True,123,False
41,married,6000,True,False,265,False
34,married,0,True,False,144,False
36,single,340,False,True,559,False
35,married,0,False,False,74,False
29,married,3,True,False,183,False
40,single,445,True,False,631,False
32,divorced,874,False,False,1282,True
48,married,705,False,False,108,False
59,married,1033,False,False,1199,True
35,divorced,1354,True,False,736,True
33,single,123,False,False,264,False
55,married,8894,False,False,262,False
41,married,429,True,False,244,False
42,married,14752,False,False,107,False
46,married,67,False,False,9,False
35,divorced,39,False,False,149,False
28,single,102,False,False,321,False
25,single,1790,False,False,224,False
56,single,15311,False,False,157,False
30,single,-635,False,False,250,False
45,married,115,False,False,209,False
40,married,10786,False,False,111,False
40,married,498,True,False,55,False
39,married,1045,True,True,290,False
48,married,810,False,False,383,False
31,single,-162,True,False,380,False
32,married,55,False,False,124,False
34,married,586,True,True,224,False
26,single,455,False,False,240,False
31,married,1010,True,False,385,False
37,single,509,True,False,133,False
29,single,2929,False,False,91,False
57,married,3071,True,True,63,False
47,single,153,True,False,192,False
38,single,1146,True,False,91,False
48,married,1092,False,True,79,False
50,married,3463,False,True,96,True
33,married,1158,True,False,25,False
28,single,26,True,False,227,False
30,single,566,False,False,110,False
52,divorced,204,False,False,134,False
36,married,480,False,False,213,True
36,single,1855,True,False,75,False
46,married,1034,False,False,109,False
57,married,3250,False,False,162,False
28,single,1633,False,False,275,True
46,married,0,True,False,154,False
55,married,3334,False,False,632,True
33,married,4020,True,True,251,False
53,married,66,False,True,141,False
41,single,-41,True,True,154,False
60,married,322,True,False,63,False
35,married,2643,False,True,259,False
43,divorced,49,True,False,100,False
57,divorced,1,False,False,17,False
46,married,3098,True,False,192,False
31,married,352,True,False,97,False
53,married,65,False,False,41,False
35,married,1949,True,False,200,False
32,single,739,True,False,91,False
48,married,1167,True,True,264,True
50,married,231,True,False,397,False
40,married,1136,True,False,86,False
42,married,233,False,False,446,False
59,married,817,False,False,304,False
27,single,1128,True,False,88,False
32,single,1831,True,False,86,False
35,single,450,True,False,63,False
28,married,0,True,False,335,False
37,divorced,414,False,False,293,False
57,married,1052,True,False,227,False
42,single,1022,True,False,146,False
55,married,343,True,False,276,False
52,married,1944,True,False,238,False
26,single,-32,True,True,14,False
52,married,1781,True,False,144,False
26,single,350,False,False,367,False
33,married,2,True,False,132,False
24,single,111,True,True,42,False
37,divorced,168,True,False,227,False
28,single,3,False,False,40,False
30,single,102,True,False,614,False
33,married,0,True,False,270,False
55,married,159,False,False,15,False
33,married,1134,True,False,304,False
42,married,352,True,False,79,False
37,married,865,True,False,101,False
59,married,179,True,False,55,False
27,single,5,True,False,205,False
23,married,-230,True,False,259,False
51,divorced,0,False,False,60,False
50,married,3924,True,False,122,False
43,married,764,True,False,557,False
37,divorced,511,True,False,42,False
34,single,4348,True,False,373,False
41,married,3016,True,False,80,False
26,single,279,False,False,239,False
49,divorced,1405,False,False,29,False
29,single,908,True,False,1663,True
30,single,162,True,False,186,False
38,divorced,792,False,False,430,False
58,married,111,False,False,58,False
34,single,1281,False,False,279,False
53,divorced,1012,True,False,332,False
50,married,2881,False,False,510,False
30,single,445,True,False,218,False
40,married,643,True,False,74,False
57,single,254,False,False,676,False
40,married,-1212,True,False,1259,False
41,married,2125,True,True,285,False
53,divorced,629,True,False,298,False
48,married,-202,True,True,225,False
32,single,271,True,False,80,False
34,married,703,True,False,342,True
46,married,-216,True,False,404,False
45,divorced,88,False,True,332,False
51,single,16,True,False,158,False
31,married,466,True,False,164,False
47,married,-75,True,False,57,False
32,married,456,False,False,121,False
41,married,77,True,False,56,False
37,single,-244,False,False,178,False
27,single,1209,False,False,283,False
27,married,58,True,False,113,False
50,married,421,False,False,22,False
31,single,112,True,False,159,False
40,married,13669,False,False,138,False
43,married,1429,True,False,1015,True
39,married,794,False,False,182,False
31,single,1957,False,False,112,False
48,married,454,True,False,114,False
32,single,882,False,True,80,False
47,married,168,True,False,66,False
35,single,714,True,False,135,False
42,single,0,False,False,99,False
47,married,1996,False,False,761,True
59,married,163,False,False,464,False
38,married,3190,True,False,20,False
50,married,1772,False,False,206,False
27,single,-151,False,False,283,False
55,married,16,False,False,64,False
39,single,7066,True,False,667,True
31,single,454,False,False,73,False
37,married,4798,True,False,156,False
28,single,-298,True,False,559,False
42,married,439,False,False,143,False
40,divorced,1927,True,False,62,False
59,single,671,True,True,219,False
40,single,65,True,False,15,False
43,married,-932,True,False,567,False
38,single,4366,True,False,188,False
54,married,0,True,False,159,False
41,married,4900,True,False,121,False
55,divorced,976,False,False,345,True
33,married,148,False,False,717,False
46,married,5,False,False,71,False
36,married,-148,False,False,144,False
48,divorced,113,False,True,38,False
42,married,-105,True,False,60,False
46,divorced,624,False,False,336,True
49,married,-1680,True,True,92,False
36,married,-461,False,False,254,False
34,single,144,True,True,104,False
51,divorced,4,True,True,74,False
58,married,309,False,False,156,False
48,married,866,False,False,146,False
41,single,1020,True,False,882,True
49,married,489,True,False,84,False
43,married,8167,True,False,114,False
32,single,-255,False,True,957,False
54,married,3671,False,False,67,False
33,divorced,636,True,False,211,False
35,married,141,True,False,299,False
56,married,150,True,True,102,False
57,married,839,False,True,225,False
31,single,26965,False,False,654,True
33,single,716,True,False,234,False
29,single,2485,False,False,48,False
38,single,15030,True,False,167,False
37,married,11303,False,False,500,False
33,married,595,False,False,22,False
30,single,19358,False,False,258,False
31,single,203,False,True,177,False
28,single,183,True,True,62,False
26,single,255,False,False,457,True
31,single,102,True,False,460,False
50,divorced,94,True,False,184,False
45,married,58,True,False,119,False
48,married,606,False,False,77,False
41,married,0,False,True,107,False
60,married,65,True,False,1028,True
41,married,338,True,False,87,False
43,married,757,True,False,315,False
36,married,9269,True,True,107,False
40,married,1206,False,True,201,False
28,single,882,False,True,94,False
27,single,5291,False,False,192,True
49,single,61,True,False,185,False
37,married,0,True,False,77,False
31,married,1407,True,False,142,False
31,single,25,False,False,381,False
31,married,1354,True,True,222,False
35,married,793,True,False,106,False
51,divorced,10287,True,False,117,False
33,single,5235,False,False,67,False
30,single,3,True,False,45,False
58,single,409,False,True,643,False
34,married,35,True,False,76,False
45,married,-459,False,False,508,False
28,single,198,False,False,128,True
31,married,99,True,False,193,False
40,married,60,False,False,172,False
30,single,3485,False,False,142,False
34,married,-139,True,True,492,False
40,married,952,False,True,140,False
59,married,1427,False,False,140,False
43,single,1017,True,False,257,False
41,married,-29,False,False,41,False
33,divorced,9,False,False,91,False
33,married,4040,True,False,132,False
36,married,13,False,False,284,False
32,single,1259,False,False,184,False
25,married,18,True,False,225,False
25,married,-76,True,False,241,False
38,single,221,False,False,79,False
34,married,136,True,False,156,False
67,married,16353,False,False,223,False
32,married,-63,True,False,198,False
45,married,7353,False,False,536,False
33,married,511,True,False,304,False
38,married,3913,True,False,196,False
32,divorced,1097,True,False,298,False
54,divorced,6102,True,True,86,False
51,divorced,340,True,False,186,False
42,married,-119,True,False,167,False
41,married,2993,True,False,24,False
39,divorced,3575,False,True,74,False
38,married,361,True,False,601,False
39,married,1072,True,False,1168,False
46,married,2904,False,False,277,False
50,divorced,1790,False,True,748,False
33,married,86,True,False,364,False
37,married,1633,True,False,229,False
31,married,8312,False,False,43,False
34,divorced,172,False,False,177,True
34,married,0,True,False,262,True
36,married,222,True,False,317,False
40,married,109,False,False,402,False
40,married,1451,False,False,314,True
41,married,1066,False,False,109,True
52,married,3163,False,False,56,False
40,single,888,True,False,169,False
48,single,428,True,False,127,False
33,divorced,106,False,False,175,False
44,divorced,0,False,False,56,False
55,married,979,False,True,123,False
51,married,2662,False,False,148,False
34,single,84,False,False,231,False
58,divorced,5920,True,False,255,False
39,single,816,True,False,37,False
27,single,3276,False,False,106,False
55,divorced,2,True,False,95,False
35,single,-51,False,False,134,False
37,single,3315,True,False,820,False
52,married,196,True,True,116,False
41,married,552,True,False,463,False
52,married,2347,False,True,603,False
34,single,3723,True,False,47,False
53,divorced,255,False,False,126,False
33,single,3143,False,False,421,True
47,married,0,False,False,174,False
35,married,6411,True,True,144,False
33,single,1909,False,False,191,False
55,married,3873,False,False,222,False
58,married,1013,True,False,206,True
44,married,262,True,False,74,False
25,single,3217,True,False,24,False
37,single,5436,True,False,7,False
41,married,2067,True,False,493,False
34,single,215,False,False,350,True
36,divorced,1594,False,False,250,False
44,married,134,False,False,86,False
34,divorced,262,False,False,371,False
56,divorced,3021,False,False,419,False
43,divorced,388,True,False,2087,True
28,single,3412,True,False,22,False
54,married,1291,True,False,266,False
37,divorced,79,False,False,191,False
59,married,2013,False,False,222,True
58,divorced,543,False,True,264,False
56,divorced,1016,True,False,184,False
32,single,604,False,True,95,False
42,single,525,False,False,127,False
52,divorced,353,False,False,395,False
46,married,964,True,False,174,False
37,married,3913,True,False,124,True
39,married,879,True,False,102,False
31,married,314,True,False,279,False
59,married,0,False,False,76,False
38,married,1370,True,False,472,False
58,married,37,False,False,84,False
34,single,673,True,True,271,False
40,married,-342,True,False,754,False
20,single,291,False,False,172,False
34,married,209,True,True,375,False
31,single,438,True,False,130,False
39,single,1242,True,False,303,False
34,married,355,True,False,261,False
24,married,204,True,True,229,False
41,married,10758,True,False,288,False
40,married,5,True,False,219,False
45,single,410,True,False,891,True
36,married,605,True,False,204,False
53,married,4,False,False,19,False
23,single,8494,False,False,158,False
42,married,198,True,False,314,False
48,married,841,True,False,215,False
34,married,8,False,False,169,False
36,married,470,True,False,101,False
43,married,520,True,False,15,False
36,married,439,True,False,260,False
49,married,-454,True,False,558,True
55,married,466,False,False,287,False
53,married,665,True,False,371,True
42,married,994,True,False,149,True
45,married,5346,True,True,187,True
31,married,1243,True,False,32,False
32,married,0,True,False,138,False
36,married,2357,True,False,228,False
56,married,1044,False,False,353,True
46,married,1069,True,False,45,False
41,single,231,False,False,76,False
31,married,0,True,True,144,False
32,married,266,True,False,168,False
38,married,-70,True,False,140,False
49,single,25824,False,False,94,False
46,single,538,False,False,118,False
29,single,534,True,False,382,False
36,married,2323,False,False,111,False
38,married,1852,True,False,298,False
53,married,2647,True,False,121,False
43,married,2767,True,False,317,False
41,married,176,True,True,42,False
42,single,9720,False,False,81,False
55,divorced,1613,True,False,296,True
39,divorced,2903,True,True,259,False
30,single,81,True,False,121,False
41,married,780,True,False,432,False
44,married,178,False,False,126,False
58,married,299,False,False,120,False
35,married,285,True,False,136,False
27,married,872,True,False,1130,False
34,married,1337,False,False,330,True
25,married,72,True,False,305,False
36,married,0,False,False,332,False
38,married,-388,True,False,412,False
30,married,11,True,False,157,False
47,divorced,-535,True,False,71,False
41,divorced,787,True,False,297,False
36,single,3343,False,False,307,False
63,married,3904,False,False,250,True
23,single,736,True,False,119,False
32,married,1390,False,False,116,False
57,married,808,False,False,274,False
48,married,1147,False,False,389,True
49,married,1122,False,False,143,False
50,married,-568,True,True,860,False
33,married,1165,True,False,420,False
53,divorced,-905,True,False,213,False
30,married,0,True,False,756,False
38,married,740,False,False,259,False
44,married,8262,True,False,201,False
39,single,14,True,True,19,False
45,single,7108,True,True,53,False
36,married,1049,True,False,224,True
38,married,0,True,False,57,False
36,married,419,True,False,251,False
30,single,726,True,False,39,False
28,divorced,594,True,True,54,False
26,married,454,True,True,28,False
54,married,2206,False,False,104,True
38,married,1988,False,False,164,True
32,single,0,False,False,268,False
50,divorced,202,False,True,148,False
43,married,667,True,False,228,False
48,married,112,False,False,139,False
57,married,50,False,False,89,False
64,married,768,False,False,250,False
26,divorced,74,True,False,106,False
33,married,661,True,False,968,True
50,married,3025,False,True,168,False
47,married,751,False,False,408,False
39,single,416,False,False,56,False
52,married,14,False,True,55,False
31,single,-502,True,False,76,False
50,married,0,False,False,72,False
47,married,599,True,False,99,False
30,single,-218,True,False,13,False
32,single,1012,False,False,178,False
36,married,300,False,False,287,False
46,married,217,True,False,141,False
45,divorced,2096,False,False,127,False
37,single,0,False,False,69,False
58,married,5278,True,False,763,False
59,married,1831,False,False,122,False
28,married,1480,True,False,143,False
48,married,7289,True,False,316,False
55,married,1665,False,False,89,False
37,single,851,True,False,151,False
41,married,2885,False,False,40,False
35,married,137,False,True,5,False
34,single,1239,True,False,90,False
43,single,146,False,False,50,False
59,married,1,False,False,159,True
50,divorced,-10,False,True,369,False
37,married,480,False,False,344,True
35,married,2789,True,False,256,False
50,single,3897,False,False,298,False
36,divorced,487,False,True,268,False
41,married,5110,True,False,231,False
28,married,318,True,False,4,False
42,single,-411,True,False,78,False
60,married,4820,False,False,419,False
28,single,4937,True,False,421,False
48,married,725,False,True,105,False
51,married,5403,False,False,42,False
32,married,4089,False,False,114,False
35,married,188,False,False,286,False
37,married,189,False,False,238,True
38,divorced,2998,True,False,91,False
77,married,610,False,False,766,False
32,single,787,False,False,92,False
43,divorced,167,False,False,211,False
36,single,243,True,False,160,False
29,married,877,False,False,166,False
32,single,2817,True,False,195,False
41,divorced,4567,True,True,106,False
26,single,127,True,True,85,False
34,married,176,False,False,78,False
57,married,0,True,True,648,True
36,single,1482,True,False,177,False
42,married,3052,True,False,32,False
35,divorced,56,False,False,24,False
52,divorced,278,True,False,688,False
36,single,3875,True,False,21,False
46,married,-337,True,False,112,False
60,divorced,366,False,False,593,True
57,married,501,True,True,59,False
48,married,998,True,False,121,False
59,married,0,True,False,97,False
39,married,246,False,False,86,False
44,married,-182,True,True,10,False
27,single,446,False,False,205,False
59,married,1173,False,False,77,False
36,divorced,5957,True,False,138,False
44,married,205,False,False,289,True
50,married,0,False,False,86,False
41,divorced,369,True,False,9,False
47,married,1934,False,True,225,False
32,single,259,False,False,407,False
38,married,284,True,True,1030,False
55,married,23,False,False,123,False
38,single,1373,False,False,119,False
31,single,62,True,False,175,False
38,divorced,157,False,False,299,False
29,single,991,False,False,563,False
55,married,186,True,True,241,False
35,married,977,True,False,52,False
40,single,2893,False,False,76,False
34,married,1897,True,True,441,False
32,single,5514,False,False,319,True
33,married,889,True,False,13,False
33,married,273,True,False,803,True
37,married,1193,False,False,396,False
58,married,2729,False,False,188,False
36,single,0,False,False,637,False
42,married,230,True,False,175,False
34,single,2729,True,False,945,False
35,married,317,True,False,162,False
60,married,517,False,False,1178,False
50,married,-470,True,False,506,False
28,single,4579,False,False,409,True
27,divorced,1,True,False,116,False
37,married,5106,False,False,244,True
31,married,636,True,False,352,True
34,married,1076,False,False,152,True
38,married,126,True,False,164,False
32,married,-33,True,False,234,False
37,married,430,False,False,154,False
33,married,-6,True,False,566,False
71,married,383,False,False,327,False
27,married,130,True,False,265,False
38,married,2569,False,False,172,False
34,single,201,False,False,257,False
54,divorced,0,False,False,618,True
30,married,6,True,False,241,False
35,single,475,False,True,936,False
33,single,706,True,False,329,False
36,married,1825,True,False,24,False
59,married,185,False,False,177,False
72,married,4415,False,False,120,False
64,married,679,False,False,135,False
53,divorced,320,False,False,175,False
35,single,2988,True,False,179,False
58,married,1407,True,False,58,False
40,married,1270,False,False,342,False
41,divorced,654,True,False,139,False
48,married,5173,True,False,88,False
44,married,3463,True,True,210,False
39,married,0,False,False,731,False
61,married,6016,False,False,670,True
36,married,177,True,False,63,False
28,married,3694,False,True,70,False
58,single,1640,False,True,72,False
60,divorced,174,True,False,241,False
66,single,10177,False,False,272,False
36,single,490,False,False,207,True
49,married,2576,True,False,64,False
40,married,0,False,False,543,False
23,single,598,False,False,166,False
29,single,15459,False,False,245,False
44,married,271,True,True,94,False
54,married,2508,False,False,34,False
47,married,320,False,False,203,False
33,married,640,False,False,318,False
30,married,1772,True,False,158,False
27,single,15,False,True,177,False
49,divorced,2370,True,True,56,False
27,single,201,True,False,172,False
51,married,160,True,False,136,False
32,divorced,5,True,True,82,False
30,single,75,True,False,123,False
33,married,4902,True,False,110,False
27,single,-79,True,False,385,False
75,divorced,1341,False,False,415,True
37,divorced,490,True,False,73,False
36,single,1521,True,False,243,False
37,married,131,True,False,137,False
35,married,8,True,False,55,False
32,married,-632,True,True,18,False
32,single,116,False,True,255,False
35,married,189,True,False,95,False
31,married,2,True,True,112,False
28,single,4229,True,True,205,False
27,married,54,True,False,97,False
22,single,549,False,False,154,False
35,married,298,True,False,135,False
69,married,579,False,False,230,False
37,single,1467,True,True,349,False
45,single,0,True,False,38,False
47,married,109,True,False,268,False
52,married,-11,True,False,94,False
33,married,90,True,False,263,False
60,married,493,False,False,671,True
33,divorced,1897,True,True,197,False
44,married,2403,True,False,180,False
38,married,868,False,False,452,False
54,married,653,True,False,352,False
32,divorced,0,False,False,175,False
33,married,0,True,True,163,False
55,divorced,218,True,False,200,False
51,married,5050,False,True,75,False
48,married,741,True,False,227,False
37,single,1050,True,False,586,False
33,single,-56,False,True,119,False
30,married,1,True,True,80,False
43,married,-98,True,True,112,False
49,married,4667,True,False,130,False
54,married,541,True,False,237,False
31,married,7744,False,False,377,False
54,married,895,False,False,335,True
36,married,-129,True,False,121,False
30,married,0,False,False,127,False
27,single,158,False,False,650,True
30,married,122,True,False,107,False
30,married,673,True,False,610,False
35,divorced,0,False,False,124,False
33,divorced,411,True,False,216,False
43,divorced,-97,True,True,747,False
41,married,-217,True,False,313,False
41,divorced,5037,False,False,252,True
46,divorced,2232,False,False,121,True
54,married,-932,True,False,799,False
32,married,913,True,False,883,False
30,single,236,True,False,197,False
40,married,0,True,False,271,False
30,married,2581,False,False,221,False
27,married,639,False,True,243,False
41,married,849,True,False,72,False
54,married,386,True,False,155,False
32,single,1218,True,False,70,False
31,married,2603,True,False,280,True
42,married,-921,True,False,115,False
48,married,607,False,False,29,False
34,married,79,True,False,406,False
55,divorced,61,True,True,113,False
49,married,1091,False,False,47,False
46,divorced,743,False,False,36,False
47,married,209,True,False,135,False
24,single,172,False,False,67,False
58,married,2,False,False,684,False
32,single,41,False,False,686,True
25,single,1116,True,False,170,False
49,married,-55,False,False,150,False
59,divorced,5845,False,False,1060,True
30,single,329,True,False,122,False
46,married,494,True,False,724,False
42,married,1519,False,False,230,True
37,married,2685,False,False,187,False
44,married,-14,True,True,179,False
49,married,5673,False,True,357,False
41,married,1459,False,False,82,False
48,married,0,False,False,176,False
31,married,625,True,False,424,False
37,married,0,False,False,115,False
51,married,867,True,False,177,False
80,married,8304,False,False,712,True
32,single,151,True,False,118,False
48,married,-583,True,False,25,False
49,married,1784,False,False,753,False
30,married,3134,True,False,124,False
27,single,49,True,False,208,False
34,married,-346,False,False,136,False
49,married,1623,True,False,1081,True
48,married,60,False,False,376,False
40,married,17,False,False,78,False
38,married,2008,True,False,354,False
46,married,91,True,False,29,False
41,married,171,True,False,209,False
28,single,1027,True,False,433,False
51,married,5801,True,False,147,False
33,divorced,142,True,False,41,False
26,single,205,False,False,111,False
34,single,852,False,False,108,False
27,married,-584,True,False,411,False
42,married,97,False,False,108,False
45,married,204,True,False,224,True
31,single,628,True,False,1083,False
32,single,311,False,False,757,True
39,married,1564,False,False,57,False
26,single,856,True,True,95,False
40,single,1509,False,False,144,False
52,married,-888,False,False,135,False
40,single,226,False,False,176,False
48,married,127,False,True,524,False
31,married,413,True,False,65,False
27,married,710,True,True,653,True
47,married,1233,True,False,91,True
28,single,171,False,False,93,True
40,divorced,69,True,False,503,False
34,married,1499,True,False,186,False
29,married,751,True,False,121,False
36,married,61,False,True,452,False
83,married,425,False,False,883,True
55,divorced,2923,True,False,104,False
43,divorced,99,False,False,24,False
23,single,1021,False,False,79,False
44,married,1146,False,False,178,False
58,married,781,True,False,74,False
29,single,1448,False,False,217,False
30,single,604,False,True,475,False
29,single,-194,True,False,127,False
41,married,0,False,False,101,False
35,married,0,True,False,340,False
31,single,1014,True,False,158,False
27,single,73,False,False,242,False
47,married,2597,True,False,323,False
53,married,2627,True,True,18,False
34,married,1906,True,False,68,False
34,married,-319,True,True,134,False
36,married,-296,True,False,113,False
40,married,169,True,False,43,False
37,single,556,False,False,200,False
65,divorced,300,False,False,245,False
53,divorced,751,True,False,343,False
28,single,126,False,False,229,False
33,divorced,-386,True,False,530,False
56,married,379,False,False,58,False
45,married,706,False,False,78,False
39,married,9121,False,False,147,False
28,single,1466,True,False,40,False
36,married,0,True,False,618,False
41,married,951,True,False,23,False
46,married,368,False,False,293,True
41,married,121,True,False,16,False
59,married,204,False,False,286,False
24,married,299,True,False,209,False
34,married,4170,True,False,935,False
40,married,-335,True,False,260,False
42,married,3165,True,False,298,False
50,married,254,True,False,397,False
25,single,553,True,False,113,False
51,divorced,518,True,False,76,False
50,married,85,False,True,141,False
37,married,603,True,False,773,False
21,single,361,False,False,329,False
52,married,-98,True,False,423,False
55,married,4424,False,False,67,False
26,single,2610,True,True,626,False
38,married,3234,False,False,578,True
32,married,687,True,False,61,False
31,married,631,True,False,248,False
34,single,341,False,True,136,False
33,single,316,False,False,126,False
35,married,2,False,False,653,False
44,married,415,True,False,7,False
48,divorced,507,True,False,528,False
29,married,912,True,False,785,False
50,married,0,False,False,243,False
37,married,37,True,False,24,False
44,single,2524,False,False,82,False
36,single,9019,True,False,952,False
49,divorced,39,True,False,27,False
31,married,0,True,False,143,False
49,divorced,265,True,False,274,False
35,single,0,True,False,1174,True
57,divorced,4012,False,False,915,False
42,married,1520,True,False,115,False
36,divorced,-140,True,False,222,False
75,divorced,852,False,False,341,False
38,single,578,True,False,112,False
40,married,0,True,False,64,False
38,single,2253,True,False,937,True
34,single,1171,True,False,129,False
29,single,452,True,False,59,False
28,married,-97,True,False,79,False
79,married,4738,False,False,151,False
51,divorced,467,True,False,83,False
32,single,0,False,False,101,False
36,married,495,False,False,157,True
38,married,157,False,True,57,False
49,married,358,True,True,176,False
42,married,292,True,False,222,False
43,married,7343,True,False,217,False
34,married,-563,True,False,252,False
59,single,351,True,False,1063,True
35,married,365,False,False,41,False
33,single,13494,True,False,27,False
34,single,846,True,False,758,False
64,married,1574,False,False,301,True
34,married,-28,True,False,574,False
77,married,0,False,False,847,True
57,married,2927,False,True,78,False
30,married,501,True,True,514,False
56,divorced,1238,False,False,1558,True
49,married,301,False,False,789,False
73,married,1388,False,False,146,False
39,single,102,True,False,272,False
57,divorced,13,True,False,323,False
32,married,413,True,False,712,False
32,single,4665,True,False,860,True
45,married,638,True,False,75,False
32,married,101,True,False,191,False
31,married,1224,True,True,1441,True
49,married,1103,False,False,428,False
29,married,3748,False,False,322,False
55,married,955,True,False,104,False
30,married,518,True,False,127,False
45,single,1893,True,False,1259,True
39,married,14,False,False,114,False
36,married,-423,True,True,106,False
33,married,3696,False,False,305,False
36,married,2987,True,False,307,True
31,single,433,False,False,1504,False
36,married,756,False,False,396,False
38,single,0,True,False,71,False
33,married,2727,False,False,205,False
40,married,93,True,False,134,False
31,married,1766,False,True,166,True
39,married,124,True,False,81,False
33,married,69,False,True,77,False
53,divorced,0,False,False,80,True
38,married,0,True,False,537,False
59,married,259,False,False,415,True
55,married,4103,False,False,291,False
38,single,744,True,False,283,False
48,married,116,True,False,70,False
53,married,70,True,False,611,False
44,divorced,432,False,False,132,False
57,married,1172,False,False,26,False
29,single,9,True,False,262,False
31,married,428,True,False,272,False
35,single,7546,True,False,137,False
31,married,620,False,False,95,False
35,married,8647,False,False,140,False
40,single,192,True,False,71,False
39,married,0,True,False,502,False
43,single,27733,True,False,164,False
44,married,276,True,True,219,False
29,single,113,False,False,328,True
40,married,782,True,False,224,False
33,married,82,True,False,63,False
46,married,1008,False,False,24,False
27,single,6421,False,False,147,False
26,single,443,False,False,84,False
41,married,351,True,False,175,False
34,married,5060,True,False,12,False
39,single,-41,False,True,40,False
27,single,-124,False,False,217,False
31,married,79,True,True,235,False
44,single,3945,False,False,255,False
55,married,197,False,True,256,False
51,divorced,837,False,False,41,False
50,married,-94,False,True,75,False
30,married,1743,True,False,192,False
46,married,57,False,False,796,True
49,married,635,False,False,220,False
56,married,-113,True,True,614,False
47,divorced,225,False,False,1126,True
30,married,124,False,False,161,False
36,single,475,False,False,141,False
40,married,-7,False,True,697,False
37,single,375,False,False,223,False
42,divorced,936,False,False,931,True
45,married,1415,True,False,483,False
34,single,0,False,False,63,False
27,single,3638,False,False,271,False
30,married,-99,True,False,144,False
32,married,167,True,True,79,False
46,married,19,True,False,171,False
29,married,242,True,False,73,False
53,married,13,False,False,69,False
32,married,286,False,False,60,False
49,married,769,True,False,257,False
35,married,93,False,False,198,False
38,married,1663,True,False,217,False
39,married,238,True,True,134,False
34,single,2178,True,False,41,False
42,married,792,True,True,611,False
35,single,871,True,False,216,False
60,married,1025,False,False,388,False
57,divorced,63,True,False,242,False
31,single,16,False,False,387,False
29,single,417,False,False,90,False
41,married,3992,True,False,281,False
46,married,2749,True,False,332,False
33,married,133,False,False,218,True
32,single,1721,True,False,650,False
54,divorced,2171,True,True,1034,True
37,married,4760,True,False,182,False
32,single,2979,False,False,156,False
43,married,690,True,False,171,False
50,divorced,203,True,False,265,False
34,married,322,True,False,10,False
31,divorced,1210,False,False,350,False
43,married,634,True,False,65,False
49,married,273,False,False,58,False
22,single,47,False,False,69,False
35,married,1100,False,True,127,False
56,married,0,True,False,154,False
53,married,0,False,False,36,False
54,married,1544,False,True,85,False
32,single,6145,True,False,362,False
41,married,28,True,False,49,False
40,married,1012,True,False,410,False
33,married,245,True,True,253,False
33,single,1998,False,False,570,False
34,married,3990,True,False,633,False
36,married,1328,True,False,82,False
34,married,412,True,True,164,False
55,married,229,False,True,175,False
28,single,1562,False,False,659,True
29,single,3432,True,False,139,False
31,single,144,True,False,43,False
52,married,1339,True,False,343,False
54,married,386,False,True,74,False
43,married,7727,True,False,302,False
55,married,204,False,False,455,False
28,divorced,101,True,False,126,False
45,divorced,728,True,True,107,False
45,married,2418,True,False,120,False
51,married,2934,True,False,727,False
42,single,0,True,False,275,False
43,single,181,False,False,41,False
34,married,176,False,False,61,False
36,married,49,True,False,232,False
37,married,2023,True,False,214,False
50,married,372,True,False,21,False
42,divorced,7702,False,False,138,True
34,single,464,True,False,173,False
48,married,117,True,False,635,False
47,married,104,True,True,77,False
40,married,1041,True,False,73,False
37,married,539,False,False,540,False
38,married,0,True,False,179,False
29,single,406,True,False,119,False
46,married,2558,True,False,107,False
26,married,484,True,False,48,False
30,single,3516,True,False,447,False
42,married,5639,True,False,430,False
42,single,100,False,False,64,False
31,single,1306,True,False,217,False
37,single,815,True,False,77,False
26,married,245,True,False,16,False
54,married,191,False,False,753,False
70,married,2815,False,False,125,False
29,single,3672,True,True,1210,False
50,married,1572,True,False,185,False
60,divorced,385,True,False,80,False
32,single,29,False,False,156,False
32,married,84,False,True,403,False
34,single,876,True,False,145,False
48,single,1499,True,False,17,False
25,married,0,True,False,160,False
32,married,6217,True,True,486,False
32,married,329,True,False,321,False
47,divorced,162,True,False,203,False
32,married,14533,False,False,646,False
49,single,151,True,False,97,True
53,married,-2,True,True,144,False
41,single,4684,False,False,30,False
47,divorced,1149,False,True,82,False
35,married,11,True,False,326,False
33,single,8004,False,False,414,False
49,married,1019,True,False,285,False
46,divorced,1297,False,False,716,True
29,divorced,415,True,True,449,False
58,married,671,True,False,16,False
40,single,2378,True,False,65,False
34,married,417,True,False,138,False
60,married,71,False,False,121,False
43,married,1188,False,False,140,False
50,married,8139,True,False,256,False
33,married,249,True,False,61,False
37,married,689,True,False,367,False
55,married,203,True,False,9,False
45,single,-183,False,True,395,False
47,married,3451,False,True,125,False
58,married,116,False,False,580,False
36,married,1746,True,False,15,False
55,married,0,True,False,119,False
31,married,897,True,False,26,False
38,married,821,True,True,224,False
42,married,130,True,False,285,False
32,divorced,1,True,False,399,False
39,married,8,False,False,88,False
41,married,55,True,False,185,False
59,married,699,False,False,98,False
42,divorced,759,False,False,97,False
33,married,687,True,False,72,False
53,married,4968,False,False,109,False
43,married,1211,True,False,208,False
39,single,426,False,False,1029,True
27,single,376,True,True,273,False
39,married,12,True,False,130,False
27,single,23,False,False,590,False
33,married,353,True,False,107,False
29,divorced,330,True,False,88,False
33,divorced,0,False,False,305,False
41,married,353,False,False,90,False
38,single,2273,True,False,222,False
30,married,0,True,False,127,False
58,married,744,False,False,38,False
37,single,608,False,False,380,False
36,divorced,356,True,False,244,False
45,married,1291,True,False,189,False
23,single,-306,True,False,217,False
53,married,306,False,False,388,True
44,married,-312,True,False,22,False
32,single,493,False,False,289,False
32,married,71,True,False,221,False
38,married,669,True,True,129,False
47,married,556,True,False,147,False
34,single,84,True,False,299,False
52,married,108,True,False,543,False
45,single,-11,True,False,247,False
50,married,1164,True,False,166,False
52,divorced,-191,True,False,755,True
37,married,132,False,False,336,False
51,married,2237,True,False,619,False
32,married,4761,True,False,159,False
33,married,-346,True,True,29,False
28,married,655,True,False,606,False
66,married,1048,True,False,971,False
31,single,0,True,False,231,False
35,married,624,True,False,163,False
47,single,1784,False,False,385,True
36,single,1281,False,False,119,False
32,single,569,False,True,348,False
34,married,1666,True,False,30,False
40,married,168,True,False,249,False
33,married,263,False,False,119,False
39,married,-405,True,False,177,False
38,married,279,True,False,110,False
32,single,0,False,False,594,True
65,married,300,False,False,105,False
34,single,415,False,False,123,False
34,single,0,True,True,172,False
42,single,1322,True,True,178,False
31,married,1062,True,True,230,False
47,married,302,True,False,89,False
44,divorced,809,True,False,118,False
38,married,-278,True,False,143,False
28,single,3238,True,False,7,False
46,single,751,True,False,104,False
51,divorced,-28,False,True,220,False
42,divorced,0,False,False,85,False
37,single,2442,False,False,91,True
58,married,1798,True,False,19,False
43,married,132,False,False,574,True
36,single,260,True,False,49,False
34,married,7,True,True,171,False
31,single,3283,False,False,258,True
49,married,323,True,False,41,False
54,married,2960,True,False,83,False
29,single,486,False,False,95,False
51,divorced,343,True,False,78,False
40,divorced,507,True,False,134,False
35,single,5958,True,False,215,True
25,single,304,False,False,226,True
32,single,118,True,False,1275,True
30,married,123,False,True,66,False
38,married,76,True,False,196,False
46,married,70,True,False,229,True
43,married,960,True,True,241,False
32,single,2185,False,False,354,False
29,single,309,True,False,471,False
56,married,2190,False,True,90,False
57,married,0,False,False,58,False
38,married,3732,True,False,379,False
51,married,1550,False,False,12,False
35,single,62,False,True,67,False
37,married,704,False,False,165,False
48,married,4415,True,False,1032,True
30,single,4,True,False,84,False
60,married,262,False,False,393,False
56,married,238,True,False,808,False
45,married,97,True,False,923,False
38,divorced,410,False,False,63,False
20,single,1191,False,False,274,False
59,married,-47,True,False,84,False
34,married,197,False,False,78,True
36,married,6,False,False,41,False
53,single,2398,True,False,317,True
51,married,630,True,False,138,False
58,married,235,False,False,88,False
48,married,1910,True,False,413,False
56,married,3172,True,False,139,False
51,married,872,False,False,82,False
35,married,407,True,False,12,False
40,single,100,True,False,221,True
59,married,345,False,False,38,False
44,divorced,2058,False,True,661,False
49,married,889,False,False,388,True
35,married,0,True,False,151,False
41,married,51,False,False,140,False
55,married,150,False,False,124,False
51,married,34,False,True,200,False
27,single,795,False,False,101,False
57,married,282,False,True,261,False
51,single,2139,False,False,176,False
38,married,-469,True,False,209,False
49,married,197,True,False,223,True
40,single,825,True,False,38,False
47,single,3232,False,False,541,False
48,divorced,1598,True,False,84,False
47,married,871,False,False,602,False
56,married,83,False,False,26,False
29,single,1445,False,False,328,True
38,married,226,True,False,762,True
32,married,-55,True,False,107,False
42,single,243,True,False,46,False
30,married,-336,False,False,128,False
26,single,3672,True,False,360,False
35,married,0,True,False,524,True
35,married,251,True,True,128,False
35,single,44,False,False,310,False
57,married,2887,False,False,819,True
29,single,1992,False,False,202,False
32,single,2,False,False,144,False
45,married,1415,True,False,311,False
51,single,297,True,False,415,True
31,single,1094,True,False,93,False
50,married,-84,True,False,101,False
38,single,-1,True,False,72,False
37,married,347,True,False,282,False
35,married,1253,True,False,210,False
37,married,4565,False,False,369,False
28,single,781,False,False,125,False
38,married,7124,False,False,301,False
43,married,17555,False,False,14,False
43,married,5172,True,False,57,False
56,married,15520,False,False,420,False
32,single,13711,True,False,638,False
58,divorced,1533,False,False,137,False
47,married,286,False,False,557,False
31,single,-219,True,False,66,False
38,married,0,True,False,206,False
50,married,810,True,False,19,False
32,married,300,False,False,166,False
37,single,1175,True,False,102,False
39,married,0,True,False,46,False
40,married,113,True,False,126,False
41,married,641,True,False,161,False
45,married,1477,True,False,355,False
31,married,0,True,False,40,False
54,married,8,True,False,143,False
39,divorced,399,True,True,133,False
56,divorced,-435,True,True,185,False
35,single,2830,False,False,22,False
34,married,15,False,False,184,False
31,single,125,False,False,78,False
38,married,45,False,False,125,False
41,married,13,False,False,189,False
44,married,0,True,False,300,False
49,married,579,True,False,396,False
30,single,432,True,False,340,False
31,single,1987,True,False,55,False
34,married,857,True,False,238,False
70,married,15834,False,False,172,False
45,married,3370,False,False,36,False
31,married,6290,False,False,303,False
57,married,808,False,False,417,False
40,married,4075,True,False,162,False
28,married,373,True,False,10,False
44,single,-101,True,False,99,False
49,divorced,3250,False,False,32,False
46,married,1375,True,False,308,False
34,married,180,False,False,298,False
58,married,175,False,False,92,False
52,married,381,False,True,288,False
27,married,2171,True,False,130,False
48,married,340,True,False,255,False
33,divorced,10,True,True,167,False
46,married,4958,True,False,64,False
51,married,21244,False,True,166,False
31,married,156,False,False,657,True
35,divorced,473,True,True,434,False
37,single,781,False,False,75,False
60,married,0,False,False,40,False
40,married,1819,False,False,398,False
50,married,4374,True,False,163,False
34,married,456,True,True,137,False
32,married,253,True,False,257,False
36,single,774,True,False,231,False
32,single,-59,False,True,192,False
40,divorced,-81,False,True,186,False
37,married,0,True,False,226,False
57,married,0,True,False,67,False
46,married,-3,False,False,205,False
31,single,2488,True,False,14,False
39,divorced,3,False,False,488,True
35,married,839,True,False,50,False
32,married,103,False,False,312,False
44,divorced,316,True,False,163,False
41,single,1680,True,False,76,False
59,divorced,7179,False,False,150,False
39,married,247,True,False,244,False
54,married,8295,False,False,207,True
27,single,261,True,True,113,False
51,married,95,True,False,1309,True
33,single,291,False,False,72,False
38,married,2240,True,False,551,False
52,married,0,False,False,163,False
54,divorced,1295,True,False,179,False
33,married,324,True,False,217,False
50,married,669,True,False,88,False
39,single,4143,True,True,21,False
34,single,2646,False,False,142,True
41,single,618,False,False,1056,False
48,divorced,541,True,False,72,False
38,married,434,True,False,411,False
34,married,622,True,False,145,False
32,married,0,True,False,80,False
48,married,99,True,False,344,False
28,single,290,True,False,128,False
47,married,1230,True,False,412,True
32,single,45,True,True,908,False
32,married,923,True,False,819,False
38,married,950,False,False,210,False
86,married,1503,False,False,165,False
47,married,65,False,False,118,False
42,married,-679,True,True,159,False
44,married,773,False,True,618,False
25,single,10788,False,False,102,False
34,divorced,991,True,False,89,False
34,married,247,False,False,401,True
53,married,4143,False,False,200,False
42,married,-406,True,False,152,False
30,single,180,False,False,203,False
26,single,-887,True,False,827,True
40,married,4157,True,False,735,False
34,single,1386,True,True,185,False
34,married,2211,False,False,149,False
40,married,-495,False,True,303,False
36,married,27359,True,False,71,False
34,single,440,True,False,445,False
32,single,135,True,False,232,False
39,married,-735,True,False,144,False
36,married,60,False,False,209,False
39,divorced,902,True,False,691,True
33,married,18347,True,False,415,False
34,single,-72,True,False,273,False
42,married,1205,False,False,376,True
46,married,499,True,False,37,False
32,single,656,True,True,148,False
27,married,100,False,False,57,False
35,divorced,69,True,False,461,False
53,married,619,False,False,198,False
29,single,192,False,False,327,False
35,single,0,False,False,669,False
49,married,87,False,False,165,False
58,married,3228,False,False,58,False
40,single,1361,False,False,1473,True
19,single,0,False,False,123,False
30,single,34,True,False,289,False
34,single,318,False,True,239,False
60,married,197,False,False,1386,False
28,single,0,False,False,294,True
46,married,273,True,False,910,True
49,divorced,15,True,False,550,False
59,divorced,7813,True,False,75,False
44,single,-27,True,True,100,False
33,married,75,False,False,204,False
54,married,1139,True,False,155,False
26,married,115,True,False,46,False
54,married,0,False,False,1366,False
48,married,7195,False,False,609,True
30,single,-477,False,True,1532,True
29,single,1026,False,False,226,True
51,married,3921,True,False,168,False
53,married,980,True,False,352,True
43,married,-179,True,False,335,False
34,married,2552,True,True,74,False
40,married,1729,True,False,85,False
43,married,434,True,False,117,False
33,single,-300,True,True,184,False
66,married,4785,False,False,72,False
44,divorced,-329,True,False,171,False
33,married,0,True,False,44,False
31,single,391,False,False,336,False
71,married,4657,False,False,93,True
22,single,3472,False,False,332,True
46,single,705,False,False,398,False
32,married,255,True,True,86,False
45,married,4365,False,True,45,False
32,married,350,True,False,110,False
49,married,474,True,True,152,False
27,single,489,True,False,356,True
46,married,757,False,False,382,False
37,single,695,False,False,233,False
30,single,-770,True,False,87,False
44,divorced,80,True,True,387,False
45,married,315,True,False,103,False
27,single,213,False,False,378,True
57,married,0,False,False,257,False
66,married,2169,False,False,282,False
40,divorced,212,False,False,176,False
48,married,333,True,False,24,False
33,single,4404,True,False,766,False
42,divorced,257,True,False,955,True
47,married,3188,True,False,426,False
27,single,3083,True,False,244,False
78,married,226,False,False,136,False
50,married,1260,False,False,172,False
46,single,1410,True,False,93,False
41,divorced,6046,True,True,300,True
36,single,980,False,False,118,False
49,married,-37,False,False,191,False
46,divorced,-154,True,True,107,False
77,married,680,False,False,513,False
30,single,799,True,True,91,False
43,single,-1164,True,True,76,False
44,married,2523,True,False,1236,False
40,married,98,True,False,193,False
38,married,3419,True,False,324,False
25,single,343,False,False,377,True
49,married,852,True,False,408,False
33,married,50,True,False,246,False
40,single,0,False,False,58,False
44,married,10,True,False,196,False
32,married,950,True,True,219,False
52,married,0,True,False,197,False
35,married,175,True,False,257,False
35,married,-259,True,False,381,False
32,married,6217,True,True,486,False
42,married,-1310,True,True,162,False
59,married,139,False,False,153,False
44,single,7138,False,False,809,True
50,divorced,1111,True,False,50,False
27,single,113,False,False,39,False
55,divorced,-612,False,False,131,False
54,married,310,True,False,526,False
31,single,-186,True,False,172,False
56,married,2038,False,False,405,False
51,married,833,False,False,77,False
61,married,625,True,False,158,False
34,single,105,True,False,146,False
56,married,551,False,False,27,False
29,single,145,False,False,105,False
34,single,618,True,False,119,False
35,single,1063,True,True,327,False
56,divorced,985,False,True,150,False
45,married,2926,True,True,482,False
31,single,-449,True,False,81,False
37,divorced,66,False,False,1164,True
43,married,0,True,False,674,False
40,married,419,True,False,347,False
44,married,4758,True,False,712,True
38,single,-23,False,False,48,False
58,divorced,1573,True,True,279,False
24,single,77,True,False,236,False
53,married,1378,True,False,91,False
36,married,-73,True,True,15,False
28,married,60,True,False,161,False
45,married,137,True,True,187,False
32,single,1583,True,False,100,False
46,married,-121,True,True,214,False
28,single,1065,True,True,406,False
51,married,-13,True,False,361,False
51,married,1869,False,False,30,False
30,single,4787,True,False,99,False
39,married,-183,True,False,202,False
28,married,702,True,False,318,False
31,single,1494,False,False,275,False
31,married,0,True,True,59,False
38,married,46,False,False,70,False
31,single,609,True,False,1126,False
74,divorced,4079,False,False,343,True
40,single,0,True,False,228,True
43,married,7876,True,False,209,False
34,single,925,True,False,709,True
54,divorced,7010,False,False,275,False
51,married,42,True,False,51,False
33,married,285,False,True,267,False
41,married,0,False,False,95,False
33,single,3170,False,False,246,False
48,married,8,False,True,46,False
42,divorced,216,True,False,144,False
35,single,2975,False,False,249,False
25,married,894,True,False,328,False
38,single,490,True,True,17,False
45,married,245,True,False,126,False
59,divorced,0,True,False,52,False
47,married,150,False,False,52,False
33,married,4,True,False,285,False
59,married,1727,False,False,500,True
41,divorced,664,False,True,955,True
42,married,473,True,False,216,False
51,divorced,0,False,False,84,False
45,married,-192,True,False,138,False
30,married,1942,True,True,436,True
33,single,5137,True,False,123,False
43,married,13044,False,False,36,False
37,married,1053,False,False,405,False
73,married,154,False,False,103,False
43,married,625,True,False,175,False
52,married,255,False,True,374,False
44,married,529,True,False,129,False
56,married,318,False,True,246,False
21,single,1903,True,False,107,False
43,married,1937,False,False,385,False
54,married,3859,False,True,104,False
59,married,4198,False,False,309,True
52,married,230,True,False,198,False
31,single,747,True,False,543,True
53,married,263,False,True,143,False
24,single,-46,True,False,23,False
57,married,0,False,True,104,False
48,married,568,True,False,378,True
57,married,1469,True,False,364,False
51,married,18,False,True,363,False
50,divorced,201,True,False,248,False
34,married,1412,True,True,157,False
43,married,-93,True,False,402,False
31,married,-331,True,False,203,False
29,married,486,True,False,422,False
39,married,694,True,False,44,False
36,single,2806,True,False,358,False
38,single,0,False,False,39,False
56,divorced,2959,True,False,325,False
41,divorced,22,True,False,238,False
47,married,1167,True,False,968,True
38,single,35,True,False,156,False
80,married,8304,False,False,681,False
37,married,4760,True,False,187,False
44,single,-1313,True,True,104,False
33,single,697,False,False,860,True
53,married,230,False,True,112,False
69,married,473,False,False,112,False
46,married,1427,True,False,32,False
30,single,201,True,False,325,True
31,single,1086,False,False,410,False
38,divorced,4335,True,False,640,False
34,divorced,44,False,False,118,False
48,married,286,False,False,166,False
46,divorced,216,False,False,173,False
42,married,214,True,False,21,False
41,married,343,True,False,89,False
33,married,-77,True,False,151,False
39,married,1046,False,False,112,False
27,single,1566,False,False,164,False
26,single,592,False,False,145,False
38,single,104,True,False,606,True
48,married,0,True,False,105,False
54,married,-22,False,True,85,False
51,married,0,False,False,439,False
47,married,72,False,False,278,False
53,married,100,False,False,205,False
35,married,319,True,False,221,False
58,married,9339,True,False,52,False
52,divorced,50,True,False,84,False
57,married,32,True,False,476,False
52,married,6922,False,False,371,False
35,single,633,True,False,128,False
48,married,4265,True,False,220,False
46,married,2262,False,False,44,False
39,married,1970,True,False,30,False
38,divorced,1513,False,False,330,False
34,married,4659,True,False,28,False
47,married,668,False,False,908,False
35,divorced,649,False,False,177,False
46,divorced,452,True,False,113,False
27,single,-145,True,False,289,False
31,married,-498,True,False,357,False
31,single,0,False,False,38,False
46,married,22,True,False,414,False
31,married,2304,True,False,257,False
33,married,1412,True,False,480,True
42,married,145,False,False,252,False
33,single,4897,True,False,151,False
40,married,1832,False,False,213,False
51,married,3726,False,True,119,False
31,married,591,False,False,161,False
62,divorced,0,False,False,227,True
24,single,508,True,False,12,False
48,married,817,False,False,517,True
41,divorced,348,True,False,225,False
43,married,291,True,False,150,False
52,married,3554,False,True,89,False
54,married,781,True,False,103,False
32,divorced,267,False,False,128,False
38,married,1327,True,False,277,False
41,married,-306,True,False,500,True
31,single,864,True,False,113,False
35,married,1265,True,False,326,True
26,married,0,False,False,755,False
52,married,214,False,False,161,False
58,married,425,True,True,100,False
57,married,3,False,False,142,False
34,married,0,True,False,214,False
59,married,0,False,False,167,False
27,single,282,False,True,676,False
42,married,0,False,False,236,False
47,single,3727,False,False,993,True
33,married,0,True,True,83,False
31,single,864,True,False,100,False
37,married,4089,True,False,289,True
29,married,-478,False,True,528,False
38,married,-363,False,False,340,False
35,married,8883,False,False,33,False
31,single,1970,False,False,284,False
62,married,1859,False,False,245,True
32,single,1059,True,False,115,False
31,married,388,True,False,730,False
51,divorced,602,True,False,347,False
29,single,0,False,False,58,False
43,married,255,True,False,180,False
36,married,63,True,False,56,False
34,married,712,True,False,326,False
29,married,57,True,False,342,False
57,married,523,False,True,49,False
43,married,422,False,False,110,False
33,married,386,False,False,253,True
60,married,3387,False,False,636,False
51,married,260,False,False,137,False
40,single,-1,False,False,173,False
51,married,1490,True,False,227,False
38,married,497,True,True,88,False
35,married,1707,True,False,426,False
47,married,826,True,False,195,False
45,married,907,False,False,230,False
40,married,1836,True,False,750,True
29,single,404,False,False,413,False
52,divorced,907,True,False,104,False
26,married,18,True,True,138,False
31,single,-495,True,False,334,False
55,married,1210,True,False,868,False
35,married,819,True,False,102,False
56,divorced,442,False,False,77,False
28,single,-46,True,False,199,True
27,single,671,True,False,332,False
30,married,371,False,False,124,False
51,married,-3,False,False,91,False
33,married,11,True,False,104,False
32,single,33,True,False,125,False
43,married,104,True,False,635,True
46,married,174,False,True,90,False
32,married,3107,True,True,310,False
40,married,1438,True,False,207,False
39,married,1367,False,False,43,False
51,married,-11,False,False,126,False
46,single,1693,True,False,137,False
43,married,778,True,True,284,False
36,married,837,False,False,68,False
48,married,363,False,False,67,False
26,single,236,True,True,8,False
39,single,0,True,False,62,False
47,married,-50,False,True,175,False
23,single,4,True,False,395,True
54,divorced,26306,True,False,27,False
38,married,46,True,True,195,False
33,married,575,False,True,254,False
35,divorced,148,False,True,199,False
52,married,431,False,False,73,False
25,single,777,True,False,351,False
29,married,199,True,True,1689,True
35,single,3552,False,False,267,False
49,married,47,False,False,234,False
41,divorced,3823,False,False,234,False
32,married,138,False,False,94,False
29,single,1117,True,False,77,False
28,married,1325,True,False,242,False
59,married,0,False,False,247,False
34,married,4343,False,False,85,False
55,divorced,1598,False,False,607,False
34,married,3301,True,False,485,True
24,single,822,False,False,184,True
42,divorced,-280,True,False,258,False
34,single,1534,True,False,156,False
34,married,1671,False,False,160,False
51,married,2007,False,False,1021,False
58,married,0,True,False,5,False
44,married,2776,True,False,701,True
33,married,139,True,True,732,True
34,married,573,False,False,122,False
34,married,475,True,False,559,False
42,divorced,47,True,True,141,False
46,single,2154,True,False,87,False
31,single,96,False,False,577,False
39,married,83,True,False,193,False
34,single,6766,False,False,210,False
47,married,3973,False,False,732,False
42,divorced,372,True,True,121,False
48,single,-552,False,True,150,False
30,single,48,False,False,140,False
38,married,7696,True,False,386,False
24,married,4500,True,False,733,True
34,married,1,True,False,108,False
46,single,46,False,True,80,False
32,divorced,-18,True,False,155,False
46,married,451,True,True,389,False
26,married,479,True,False,133,False
42,married,0,True,False,328,False
50,married,1130,True,False,119,False
41,married,389,True,False,87,False
34,single,10,False,True,162,False
32,married,401,True,False,294,False
58,single,145,True,True,128,False
45,married,115,True,False,108,False
28,single,89,True,True,172,False
35,married,94,True,True,208,False
39,married,1438,True,False,212,False
49,divorced,780,False,False,148,False
50,married,207,True,False,99,False
37,married,238,False,False,185,True
45,married,2433,False,False,133,False
30,single,1924,False,False,170,False
48,married,-471,True,False,668,False
36,single,1531,True,False,81,False
41,single,764,False,False,230,False
55,married,383,False,False,287,False
70,married,3782,False,False,618,False
41,married,326,True,False,788,True
47,divorced,691,False,False,285,False
34,single,0,False,False,163,False
33,single,99,False,False,159,False
58,married,502,True,False,197,False
51,married,-15,False,False,212,False
45,married,1929,True,False,44,False
55,married,0,False,False,180,False
30,single,185,False,False,11,False
33,single,-424,True,False,863,False
27,single,0,True,False,388,False
59,married,319,True,False,143,False
34,single,171,True,False,191,False
47,divorced,-1148,True,True,62,False
44,married,-11,True,False,13,False
35,single,0,True,False,1073,True
45,married,-206,True,False,337,False
42,married,704,True,True,88,False
38,married,1931,False,False,167,False
34,single,943,False,False,96,False
35,married,327,True,False,537,False
29,single,-105,True,False,5,False
58,married,983,False,False,139,False
44,single,787,True,False,570,False
45,married,0,True,False,100,False
43,married,3060,True,False,253,False
44,married,5780,True,False,525,False
30,single,790,False,False,696,False
38,married,1449,False,False,535,False
50,married,1412,False,False,131,False
21,single,681,False,False,6,False
38,married,228,True,False,105,False
42,married,0,False,False,370,False
45,single,2087,False,False,29,False
34,married,2,True,True,184,False
48,married,197,False,True,47,False
34,married,0,False,True,193,False
32,married,1905,True,False,709,True
35,married,118,False,False,358,False
39,married,2644,True,False,253,False
36,married,16430,True,False,197,False
35,married,13,False,False,94,False
57,divorced,14,False,True,445,False
28,single,769,True,False,153,False
43,married,3485,False,False,113,False
57,married,139,False,False,80,False
34,divorced,202,True,False,318,False
36,married,6,True,False,100,False
47,divorced,2515,False,False,40,False
36,divorced,5195,True,False,55,False
33,married,2098,False,False,67,False
57,married,320,False,False,76,False
57,married,3431,True,False,73,False
34,married,50,True,False,89,False
51,divorced,370,True,False,109,False
54,divorced,-182,False,False,98,False
52,single,1623,True,False,21,False
43,married,13342,True,False,465,False
58,single,6570,False,False,106,False
53,married,225,True,False,304,False
44,married,-665,False,False,342,False
29,single,0,False,False,16,False
27,single,54,True,False,543,True
35,married,46,False,False,338,False
40,married,2,False,False,197,False
34,married,103,True,True,956,False
38,single,883,True,False,95,False
32,married,55,True,False,546,False
41,married,8238,True,True,124,False
25,single,913,True,False,113,False
38,divorced,595,True,False,245,False
26,single,7,True,False,188,False
37,single,1661,False,False,199,False
30,married,102,True,False,470,True
36,married,338,False,False,90,False
33,married,3132,True,False,350,False
33,single,490,True,False,31,False
35,married,2682,True,False,156,False
24,married,0,True,False,299,False
29,married,596,False,False,510,False
54,married,2059,True,False,177,False
27,married,132,False,False,123,False
34,married,0,False,False,270,False
39,married,385,True,False,225,False
38,married,223,False,False,63,False
37,married,0,True,False,247,False
26,single,512,True,True,206,False
36,married,1169,True,False,168,False
35,single,71,True,False,836,False
30,single,940,False,False,131,False
25,single,-80,True,True,89,False
34,married,0,True,False,116,False
52,married,1317,False,False,58,False
39,married,179,False,False,36,False
34,married,1007,True,False,240,False
34,single,0,False,False,132,False
30,married,1286,True,True,544,False
33,married,804,True,True,266,False
30,single,4,False,False,443,False
51,married,0,True,False,324,False
36,single,417,True,False,15,False
48,married,1678,False,False,263,False
37,divorced,532,True,False,199,False
58,married,407,True,False,145,False
56,divorced,659,False,True,56,False
34,married,393,True,False,11,False
33,divorced,661,True,False,411,False
26,single,0,False,False,165,False
40,single,838,True,False,619,False
35,married,195,True,False,203,False
45,married,68,True,False,254,False
37,single,-242,True,False,1149,True
35,divorced,321,True,False,189,False
43,single,3403,True,False,707,True
28,married,8,True,False,196,False
32,divorced,739,True,False,171,False
26,single,622,False,False,1451,True
35,married,152,True,False,563,True
35,single,2,False,False,239,False
39,married,1439,True,False,73,False
42,divorced,1491,True,False,203,False
32,single,6402,True,False,158,False
30,married,1210,False,False,100,False
26,single,122,False,True,160,False
30,single,0,True,False,661,False
32,married,62,True,False,166,False
47,married,3333,True,True,114,False
33,married,16992,True,False,58,False
57,married,23,True,False,25,False
35,married,0,True,False,121,False
53,married,6072,False,True,226,False
24,single,366,False,True,234,False
54,divorced,0,False,True,88,False
31,married,1343,True,True,85,False
41,married,2105,True,False,134,False
44,married,2319,False,False,251,False
35,single,35,True,False,152,False
30,married,877,False,False,202,False
43,single,30,True,False,379,False
51,married,-2082,False,True,123,False
60,married,89,False,False,156,False
43,married,104,False,False,332,False
31,married,1750,True,False,90,False
56,married,772,True,False,291,False
42,married,1048,True,False,23,False
52,married,592,False,False,122,False
40,married,0,True,True,105,False
36,married,3064,True,False,1143,False
40,married,33,False,False,70,False
46,married,0,True,False,264,False
32,single,1649,False,False,204,False
31,single,287,True,False,182,False
41,divorced,0,True,False,386,False
58,married,419,False,True,295,False
36,married,257,True,False,86,False
52,married,118,False,False,16,False
42,married,251,False,False,413,False
32,single,1731,True,True,323,False
62,married,0,False,False,78,False
31,single,23,False,False,121,False
41,single,-386,False,True,477,True
34,married,5498,False,False,265,False
44,single,5063,False,False,418,True
42,married,7041,True,False,386,False
37,single,654,False,False,594,False
47,married,1890,False,False,161,False
32,married,2400,True,True,450,False
46,married,519,True,False,217,False
39,single,1190,False,False,136,False
28,single,229,True,False,322,False
26,single,203,False,False,104,False
52,married,1818,False,True,189,False
42,married,1289,False,False,250,True
33,divorced,39,False,False,123,False
73,married,796,False,False,427,True
35,single,57,False,True,632,False
40,married,1548,True,False,101,False
51,married,117,False,False,467,True
37,single,0,True,False,640,False
39,married,691,True,True,517,False
28,married,64,True,False,160,False
49,divorced,0,True,False,177,False
36,married,957,True,False,206,False
45,married,118,True,False,208,False
29,single,218,True,False,169,False
35,married,724,True,False,287,True
35,married,20,True,True,505,False
30,married,-28,True,False,284,False
46,married,665,False,False,89,False
25,single,5,False,False,138,False
36,married,925,False,False,321,True
42,married,2519,True,False,262,False
57,married,3927,False,False,61,False
42,divorced,401,True,False,217,False
29,married,581,True,True,192,False
36,married,1327,False,False,174,False
31,married,3242,False,False,292,False
59,married,3163,True,False,240,False
50,divorced,32,False,False,282,False
47,married,310,True,True,128,False
46,married,0,False,False,161,False
26,single,155,True,False,291,False
31,single,11386,True,False,356,False
30,married,1380,True,False,294,False
47,single,2443,False,False,422,False
23,single,1129,True,False,806,True
44,single,4232,False,False,227,False
42,married,5564,False,False,560,False
32,single,-402,True,False,135,False
28,single,1323,True,False,361,False
57,married,1623,True,True,246,False
38,married,1042,True,False,419,False
22,single,2488,False,False,449,True
54,married,865,True,False,71,False
32,married,-1053,True,False,357,False
32,married,1667,True,False,164,False
59,divorced,975,True,False,263,False
45,married,2571,False,False,146,False
53,married,732,False,False,759,True
50,divorced,769,False,False,72,False
34,married,-136,True,True,131,False
35,divorced,3636,False,True,808,True
30,married,931,False,False,1183,False
62,married,565,False,False,123,False
40,married,271,True,False,483,False
26,single,1153,False,False,238,False
34,married,-73,True,False,90,False
50,married,558,False,False,464,True
31,divorced,137,False,False,385,False
35,married,700,True,False,240,False
55,married,-966,False,True,104,False
34,married,96,False,False,109,False
58,married,4007,False,False,598,False
50,single,567,True,False,274,False
31,single,40,False,False,123,False
47,divorced,136,False,True,70,False
38,single,917,True,False,260,False
46,single,593,True,False,190,False
42,married,505,True,False,521,False
34,married,2542,True,False,228,False
37,married,5355,False,False,466,True
38,single,807,False,False,74,False
59,married,9976,True,False,57,False
32,married,0,False,False,119,False
55,married,540,False,False,124,False
35,married,280,True,True,65,False
56,divorced,-59,False,True,127,False
27,married,-517,True,False,172,False
42,single,2613,True,False,174,False
42,married,-7,False,False,41,False
41,married,0,True,False,232,False
53,divorced,-200,False,True,161,False
67,married,2301,False,False,124,False
53,married,104,False,True,701,True
33,married,191,True,False,162,False
31,single,694,True,False,431,False
31,married,212,True,False,191,False
30,married,1882,True,False,249,False
48,married,131,True,False,189,False
30,single,175,False,False,167,False
43,single,0,False,False,73,False
38,divorced,4425,True,False,162,False
46,married,3533,True,False,235,False
59,divorced,3573,False,False,44,False
44,divorced,476,True,True,127,False
35,married,1257,True,False,93,False
55,married,23,False,False,143,False
39,single,0,True,False,81,False
36,single,398,True,True,77,False
33,married,745,True,False,115,False
48,single,8106,False,False,125,False
33,single,0,False,False,53,False
67,married,696,False,False,77,False
48,divorced,1266,True,False,45,False
57,married,2416,False,False,74,False
31,married,25,False,False,169,False
30,single,7513,False,False,269,False
56,divorced,29,False,False,52,False
26,married,5116,True,False,246,False
44,married,-1746,True,False,218,False
44,divorced,14,False,False,167,True
31,married,4148,True,False,316,True
47,married,14,True,False,142,False
30,single,105,True,False,75,False
37,married,767,False,True,204,False
56,divorced,0,False,True,542,False
43,single,-228,True,True,122,False
42,married,508,True,False,70,False
60,married,725,True,False,266,False
34,married,41,True,False,34,False
34,single,184,False,False,203,False
41,married,251,False,True,85,False
38,divorced,-17,False,False,11,False
23,married,-19,True,False,13,False
33,married,1064,True,False,562,True
36,married,777,True,False,185,False
49,married,377,False,False,158,False
34,divorced,479,True,False,515,True
40,divorced,-375,True,False,60,False
72,married,796,False,False,173,False
43,married,17,True,False,353,False
44,married,1071,True,False,143,False
35,married,0,True,False,18,False
46,divorced,7378,False,False,466,False
55,married,865,True,False,85,False
50,divorced,-701,True,True,148,False
23,single,817,True,False,123,False
34,married,1387,False,False,121,False
40,married,0,True,True,245,False
61,married,2917,False,False,215,True
53,married,4541,True,False,190,False
57,married,0,False,False,44,False
28,married,4287,False,False,171,False
25,married,242,True,False,62,False
38,married,171,True,True,172,False
27,single,259,True,False,78,False
45,married,827,True,False,319,False
31,single,469,False,True,111,False
39,married,2226,True,False,158,False
42,married,0,False,False,82,False
46,married,477,True,False,128,False
36,married,42,True,False,102,False
30,single,775,True,False,124,False
32,married,9,True,False,334,False
52,married,2557,False,False,134,True
31,married,2395,False,False,218,False
60,married,4895,False,False,313,False
35,single,376,True,True,207,False
38,married,389,True,False,262,False
46,divorced,134,False,False,134,False
45,divorced,1273,True,True,197,False
59,married,0,True,False,214,False
34,married,2892,True,True,1165,False
33,divorced,0,True,False,177,False
46,single,295,True,False,141,False
48,married,292,True,True,164,False
31,single,85,False,False,151,False
32,married,4,False,False,145,False
35,divorced,-587,True,False,111,False
36,single,367,False,False,217,False
52,married,-1224,True,False,253,False
45,divorced,959,False,False,74,False
34,married,0,False,False,263,False
25,married,-589,True,False,233,False
26,single,-8,False,False,402,False
57,married,0,False,False,585,False
48,married,247,True,True,145,False
48,married,5543,False,False,143,False
32,married,642,False,True,524,False
58,married,11,False,False,270,False
57,married,-226,True,False,272,False
31,married,5191,False,False,187,False
33,single,-320,False,False,268,False
53,married,2289,True,True,183,False
36,married,725,True,False,123,False
32,single,705,True,False,20,False
45,married,776,True,False,232,False
35,married,816,True,False,547,False
41,married,171,False,False,71,False
54,married,812,False,False,113,False
49,married,823,False,False,780,True
28,single,1453,True,False,246,False
24,single,431,True,False,108,False
30,single,1009,True,False,253,False
32,married,286,True,False,175,False
53,married,22370,True,False,106,False
42,married,2111,True,False,86,False
48,married,5366,True,False,248,False
33,married,181,True,True,265,False
31,divorced,-452,True,False,182,False
56,divorced,1770,False,False,916,False
58,married,0,False,False,506,False
37,single,-296,True,False,81,False
59,married,2358,True,False,30,False
50,single,1200,False,False,904,True
39,single,109,True,False,699,False
30,married,616,True,False,19,False
47,divorced,4906,True,False,389,False
44,married,313,False,False,211,False
38,married,290,True,False,283,False
50,married,1240,False,False,474,False
27,single,3672,True,False,157,False
73,married,19,False,False,509,False
46,married,143,True,False,279,False
56,divorced,212,False,True,27,False
36,married,9,False,False,386,True
33,married,3074,False,False,679,False
40,married,1734,True,False,169,False
52,married,575,False,False,315,False
51,married,397,True,False,293,False
33,married,640,True,False,439,False
54,married,158,True,False,198,False
44,married,2984,True,False,770,False
50,married,1011,True,False,340,False
45,single,0,True,False,1472,True
36,married,1133,True,False,293,True
42,married,4945,True,False,311,True
37,married,712,True,False,291,False
28,single,-427,True,True,965,False
56,married,2146,False,True,594,False
59,married,92,True,False,139,False
32,married,10,True,False,501,False
57,married,1238,True,False,274,False
49,single,981,True,False,10,False
56,married,575,False,False,18,False
48,divorced,-70,False,False,243,False
27,single,3733,True,False,198,True
31,single,574,True,False,410,False
28,single,43,False,False,190,False
36,married,428,False,False,121,False
58,married,0,True,False,148,False
46,married,0,True,True,239,False
32,single,474,True,False,90,False
39,married,-540,False,False,29,False
35,married,560,True,False,58,False
31,married,325,True,False,1139,True
29,single,437,False,False,504,True
48,married,574,False,False,348,False
60,married,0,False,False,130,False
74,married,935,False,False,100,False
30,married,699,True,False,544,False
52,single,0,False,False,182,False
24,married,-220,True,False,90,False
29,married,11417,True,False,272,False
33,married,212,True,False,260,False
34,married,67,True,True,672,False
45,divorced,0,False,False,264,True
31,married,0,False,True,275,False
45,married,1673,False,False,76,False
27,married,-1202,True,False,749,False
30,single,4213,False,False,142,False
45,married,0,False,False,454,False
57,married,1521,True,True,102,False
34,married,1310,False,False,521,False
40,married,0,True,True,57,False
39,married,399,False,False,504,False
46,married,405,False,False,138,False
55,divorced,9756,True,False,103,True
25,single,2506,False,False,485,True
34,married,697,False,False,166,False
37,married,403,True,False,318,False
64,divorced,890,False,False,531,False
45,divorced,809,True,False,155,False
57,married,158,True,False,73,False
21,single,137,True,False,198,False
58,married,2705,False,False,137,False
41,single,75,True,False,479,True
41,married,2457,True,False,285,False
58,married,541,True,False,98,False
33,married,287,True,False,199,False
32,married,273,True,True,97,False
44,divorced,0,True,False,389,False
47,married,677,False,False,384,False
41,married,340,False,False,37,False
54,married,98,False,False,420,False
47,divorced,477,True,False,973,False
32,single,2629,False,False,77,False
59,married,0,False,True,376,False
29,single,2325,False,False,125,True
48,married,-20,False,False,142,False
32,single,230,True,False,442,True
46,divorced,-852,False,True,728,False
31,single,-280,False,False,281,False
53,married,25,False,False,528,True
34,single,9851,True,False,128,False
48,single,5095,True,False,71,False
32,married,687,False,False,161,False
31,married,1368,True,False,129,False
27,single,-179,True,False,54,False
60,married,-396,True,False,443,False
34,single,1011,True,False,136,False
52,married,9,False,True,44,False
48,married,1159,True,True,1181,False
45,married,-322,False,False,225,False
54,divorced,1114,True,False,81,False
52,married,2072,False,False,224,False
47,married,459,True,False,189,False
54,married,1157,False,False,98,False
34,married,8309,True,True,50,False
39,single,1043,False,False,195,False
46,married,2098,False,False,110,False
26,single,461,False,False,214,False
37,single,61,True,False,182,False
47,married,1203,True,False,239,False
35,married,1067,False,True,179,False
57,married,0,False,False,540,False
34,married,1657,True,False,566,False
47,married,1219,False,False,697,True
27,married,7,True,False,98,False
40,married,-839,True,True,1018,True
39,married,994,False,False,221,False
36,married,6,False,False,246,False
42,single,0,False,False,656,False
23,single,8627,True,False,281,False
34,married,133,True,False,65,False
34,married,247,True,True,193,False
49,married,1114,False,False,283,False
57,married,1592,False,True,78,False
59,married,0,False,False,425,False
57,married,46,False,False,238,False
34,married,1221,True,False,182,False
61,married,985,False,False,998,True
35,divorced,0,True,False,477,False
42,married,520,False,False,158,False
57,married,10,False,False,320,False
42,married,2157,True,False,149,False
53,married,6095,True,True,410,False
63,married,133,True,False,104,False
47,married,1121,False,False,454,False
54,married,88,True,False,190,False
45,married,0,False,False,145,False
28,single,-328,True,False,318,False
58,married,610,True,False,246,False
48,single,414,False,False,761,False
35,divorced,0,True,False,171,True
37,married,0,False,False,143,False
37,married,685,True,False,968,False
37,married,22856,False,False,154,False
25,single,-352,False,False,246,False
58,married,602,True,False,201,False
52,married,-588,True,False,81,False
19,single,302,False,False,205,True
59,married,5314,True,False,200,False
41,married,64,True,True,210,False
34,single,632,False,False,215,False
35,single,5731,True,False,164,False
41,married,902,False,False,35,False
28,single,6307,True,False,615,False
53,divorced,112,False,True,246,False
35,married,0,False,True,42,False
33,single,621,False,False,217,False
37,single,435,True,False,210,False
32,married,782,True,False,116,False
32,married,478,True,False,200,False
54,married,7864,True,False,145,False
44,married,1910,True,False,41,False
36,divorced,1174,True,False,192,False
56,married,1270,True,False,80,False
30,single,18,False,False,121,False
36,married,141,True,False,106,False
43,married,2886,False,False,230,False
40,married,2715,True,False,125,False
32,single,1100,True,True,67,False
34,married,516,True,True,26,False
37,married,1,False,False,395,False
28,single,775,False,False,603,False
35,married,634,False,False,185,False
53,single,5715,False,False,287,False
60,married,1088,True,False,149,False
40,married,1532,True,True,173,False
57,married,75,False,False,118,False
29,single,103,False,False,314,False
44,married,134,True,False,378,False
41,single,748,False,False,94,False
47,married,1990,True,True,108,False
43,married,192,False,False,203,False
37,single,267,False,False,121,False
34,single,586,True,False,489,False
30,single,648,True,True,287,False
57,divorced,25,True,False,652,False
26,single,96,True,False,612,False
34,married,1116,True,False,53,False
46,divorced,-90,False,True,270,True
38,married,170,True,False,442,True
37,single,3665,False,False,664,True
28,single,2380,False,False,394,False
57,married,179,False,False,230,False
39,married,763,True,False,877,True
49,married,320,False,False,1971,True
38,married,1960,True,False,161,False
27,married,818,True,False,188,False
30,married,2678,True,False,23,False
38,married,1980,False,False,176,False
36,married,1582,False,False,26,False
38,single,62,False,False,212,False
59,married,235,False,False,119,False
37,married,489,True,False,205,False
29,married,3931,True,False,73,False
43,married,699,True,True,1258,True
33,married,58,True,False,57,False
54,divorced,1327,False,False,115,False
55,married,557,False,False,58,False
32,single,741,True,False,238,False
48,married,3230,True,False,207,False
33,single,1439,True,False,178,False
46,married,120,True,False,20,False
44,married,1058,False,False,188,True
47,married,881,True,False,143,False
38,married,6728,False,False,232,True
80,married,462,False,False,127,False
40,married,167,True,True,380,False
43,married,1574,True,False,167,False
32,single,1625,False,False,796,True
39,married,562,False,False,303,False
33,married,9305,True,False,407,False
31,single,35,False,True,229,False
36,single,0,False,False,108,False
35,single,2486,True,False,265,False
25,single,368,False,False,168,False
33,single,1558,True,False,97,False
23,single,8627,True,False,169,False
31,single,2590,False,False,103,False
36,married,0,True,True,599,False
44,single,900,True,False,322,False
31,single,385,True,False,304,False
55,married,1649,True,False,52,False
51,divorced,9228,False,False,655,True
36,married,0,True,True,101,False
27,single,1,False,False,65,False
40,married,771,True,False,173,False
49,married,280,True,False,162,False
59,married,46,False,False,78,False
32,married,2431,True,False,646,True
42,single,308,False,False,114,False
35,divorced,160,True,False,141,False
29,single,555,True,False,133,False
29,single,778,True,False,1994,False
37,single,48,False,False,140,False
49,married,169,True,False,82,False
51,divorced,12,True,False,150,False
61,married,848,False,False,605,False
43,married,481,True,False,164,False
42,married,12223,True,False,36,False
24,married,-254,True,True,290,False
46,married,1148,False,False,104,False
23,single,5,False,False,413,False
26,single,50,True,False,153,False
43,divorced,92,True,False,237,False
35,single,470,True,False,743,True
38,married,0,False,False,82,False
56,divorced,109,False,False,924,False
31,married,440,True,False,117,False
32,single,0,False,False,550,True
28,single,2685,False,True,5,False
26,divorced,-3,True,False,181,False
49,married,7007,False,False,325,False
33,married,220,True,False,345,False
80,married,1548,False,False,331,False
40,married,326,True,True,112,False
42,divorced,0,True,False,115,False
46,married,123,False,False,381,False
32,single,697,False,False,119,False
37,single,223,True,False,25,False
32,married,1694,True,False,929,False
53,married,4446,True,False,429,False
39,married,894,True,False,491,False
31,divorced,202,True,False,146,False
34,single,0,False,False,191,False
44,married,1707,False,False,406,False
35,married,13658,True,False,220,False
39,married,406,False,False,253,False
55,married,96,False,False,340,False
34,married,0,True,False,154,True
39,married,-276,False,True,121,False
58,married,413,False,False,104,False
37,married,655,True,False,127,False
56,divorced,694,False,False,144,True
32,single,10218,True,False,149,False
41,single,1646,True,False,261,True
29,single,14,False,False,87,False
44,married,7635,False,False,719,False
24,married,9,True,False,292,False
43,single,1029,True,False,145,False
26,married,2855,False,False,52,False
39,married,260,True,False,146,False
49,married,2039,True,False,451,True
52,divorced,-97,True,True,167,False
33,married,1465,False,False,98,False
30,married,125,True,False,238,False
32,single,930,False,False,85,False
27,single,0,True,False,323,False
58,married,73,False,False,116,False
46,married,-35,True,False,304,False
28,single,1351,False,False,267,False
39,married,1601,True,False,201,False
41,married,88,True,False,105,False
38,married,435,True,False,193,False
50,divorced,717,True,False,113,False
56,married,705,True,False,151,False
34,married,1553,False,False,200,False
33,divorced,-131,True,False,145,False
61,married,1191,False,False,214,True
36,single,47,False,True,36,False
34,married,544,True,True,58,False
36,married,688,True,False,174,False
45,married,242,False,False,587,True
27,single,118,False,False,112,False
45,married,-388,True,False,175,False
40,married,1603,False,False,279,False
36,single,1511,True,False,270,True
46,married,147,True,False,116,False
37,married,836,True,False,129,False
36,married,55,True,False,38,False
37,married,1123,False,True,138,False
22,single,691,False,False,338,True
51,married,0,False,True,565,False
49,married,12531,False,False,77,False
35,married,552,True,True,314,False
50,married,0,False,False,179,False
31,married,309,True,True,294,False
47,single,33,True,False,298,False
59,married,681,True,False,427,False
32,married,1787,True,False,87,False
71,married,14220,True,False,397,True
31,single,12569,False,False,344,True
41,married,4,False,False,74,False
35,married,3587,True,False,148,False
36,married,254,False,False,161,False
46,divorced,1712,False,False,110,False
46,married,4855,True,False,1529,False
47,married,2408,False,False,236,False
35,single,252,True,False,89,False
37,married,346,True,False,390,False
56,married,45,False,False,1467,True
46,married,556,True,True,646,True
44,divorced,-710,True,False,183,False
48,single,-551,True,False,168,False
28,single,56,True,False,66,False
38,married,1514,False,True,160,False
34,single,178,True,False,14,False
56,married,359,True,False,220,False
55,divorced,1580,False,True,1007,True
44,divorced,221,False,False,149,False
38,married,1161,True,False,665,False
53,married,1278,True,False,174,False
41,single,982,False,False,105,False
34,single,16,False,False,990,True
34,single,1,False,False,582,False
35,married,128,True,False,136,False
38,single,2543,False,False,223,True
42,married,42045,False,False,205,False
56,married,828,True,False,214,False
37,divorced,0,True,False,217,False
47,married,3940,True,False,171,False
29,married,125,True,False,50,False
41,married,140,True,False,65,False
43,single,593,True,False,55,False
38,married,746,False,False,256,False
31,married,589,True,True,151,False
32,single,2343,False,False,226,False
40,married,294,True,False,97,False
45,married,644,False,True,92,False
43,married,-26,True,False,343,False
27,single,3354,True,False,493,False
33,single,23,False,False,216,False
37,married,7,True,False,224,False
60,married,3735,False,False,190,True
51,married,2094,False,False,458,True
44,married,508,True,False,222,False
48,married,0,True,False,612,False
57,married,93,True,False,137,False
29,single,0,True,False,104,False
50,married,26394,False,False,206,False
36,married,-11,True,False,172,False
49,married,523,True,False,152,True
49,married,-74,True,False,114,False
35,married,0,False,False,89,False
39,single,122,True,False,158,False
34,married,351,False,True,326,False
57,married,35,False,True,215,False
37,divorced,2610,True,False,53,False
25,single,64,False,False,71,False
43,married,60,False,False,487,False
37,married,342,True,False,340,False
36,single,1830,False,False,183,False
49,divorced,1904,False,True,131,False
38,single,16957,True,False,208,False
39,divorced,26,False,False,311,False
40,married,0,False,False,147,True
34,married,79,True,False,83,False
39,married,2303,True,False,775,True
53,married,65,False,False,25,False
44,married,332,True,False,497,False
32,divorced,-399,True,False,180,False
50,divorced,-54,True,True,698,True
29,married,-102,False,False,134,False
55,married,4809,True,False,223,False
73,married,279,False,False,399,True
52,married,11,True,False,420,False
49,married,2201,True,False,233,False
63,married,8044,False,False,702,False
34,married,2374,True,False,161,True
32,single,92,True,False,110,False
49,married,443,False,False,27,False
40,married,1397,True,False,58,False
53,married,7,False,False,68,False
53,married,3177,False,False,92,False
43,married,232,False,True,45,False
35,single,81,True,False,79,False
35,single,414,True,False,11,False
25,single,1433,True,False,520,False
31,single,187,False,False,86,False
48,married,0,False,False,16,False
40,married,4610,False,False,154,False
46,married,1429,True,False,91,False
30,single,334,False,False,389,False
47,married,2,False,True,71,False
23,single,500,True,False,111,False
29,married,43,True,False,68,False
38,married,4030,True,False,75,False
56,married,306,False,True,212,False
52,married,0,False,False,91,False
55,married,168,False,False,79,False
43,married,210,False,False,646,False
34,married,518,True,False,206,False
43,single,1696,True,False,257,True
55,married,-31,False,True,81,False
34,married,856,True,False,470,False
34,single,318,True,False,133,False
43,married,64,False,False,230,False
39,married,800,True,False,76,False
39,single,75,False,False,26,False
34,single,347,True,False,154,False
55,married,2366,True,True,94,False
67,married,701,False,False,254,True
34,married,475,True,True,1156,False
47,married,3285,False,False,248,False
33,married,925,False,False,884,False
45,married,128,False,True,275,False
36,married,1587,True,False,200,False
59,divorced,879,True,False,228,False
33,married,478,False,False,475,True
52,divorced,280,False,False,393,False
53,married,1868,False,False,156,False
41,married,819,False,False,244,False
45,married,4646,True,False,118,False
60,single,27,False,False,40,False
32,married,736,True,False,700,False
28,single,224,True,False,97,False
31,single,2544,False,False,252,True
53,married,427,False,True,360,False
58,married,2764,False,False,235,False
38,married,376,True,False,1521,False
46,married,523,True,False,105,False
53,married,71,False,True,86,False
56,married,3948,False,False,484,False
52,single,1810,False,False,117,False
38,married,994,False,False,119,False
37,married,52,True,False,359,False
37,married,11,False,False,109,False
37,married,0,False,False,236,False
66,married,747,False,False,203,False
44,married,2657,True,False,202,False
61,married,313,False,True,42,False
34,married,61,False,True,21,False
33,single,2557,True,False,186,False
30,divorced,0,True,False,172,False
27,divorced,10,True,False,527,False
37,married,658,True,False,175,False
38,married,1679,True,False,21,False
35,single,0,False,True,370,False
50,married,841,True,False,54,False
39,married,0,True,False,63,False
35,married,1160,True,False,116,False
36,divorced,-37,True,False,151,False
28,single,94,True,False,300,False
39,married,585,True,False,48,False
39,married,235,False,False,217,False
30,single,2145,True,False,727,True
32,married,1464,True,False,193,False
28,married,232,True,True,72,False
47,married,187,True,False,165,False
53,married,12,False,False,345,False
57,married,318,True,False,206,False
47,married,405,False,True,994,True
56,married,334,True,False,127,False
38,married,0,True,False,29,False
52,married,2,False,False,70,False
46,married,966,True,True,40,False
57,married,195,False,True,185,False
42,divorced,0,False,False,64,False
57,married,0,False,False,97,False
51,married,260,False,False,316,False
53,married,451,True,False,125,False
37,married,3242,True,False,233,False
47,divorced,8515,True,False,14,False
48,married,1808,True,False,245,True
39,married,20,True,False,109,False
42,married,3068,True,True,429,False
36,married,23,False,False,133,False
34,single,1076,False,False,70,False
61,married,1060,True,False,118,False
32,single,678,True,False,1579,True
35,single,1147,True,True,29,False
54,married,-630,False,False,173,False
31,married,459,False,False,13,False
45,divorced,976,True,False,183,False
32,married,357,True,False,175,False
52,married,-9,False,False,123,False
36,single,1927,True,False,288,False
31,married,500,True,False,19,False
53,married,9146,False,False,136,False
43,married,59,False,False,437,False
47,married,0,False,False,1225,False
46,married,328,True,False,526,False
34,divorced,291,False,False,91,False
55,single,-703,True,False,123,False
23,single,589,True,False,62,False
75,married,6053,False,False,865,False
58,married,1142,False,False,82,False
35,married,725,True,False,219,False
27,married,802,False,False,569,True
24,married,556,True,False,460,True
48,married,191,True,False,238,False
31,single,373,False,False,346,False
57,married,6164,False,False,161,False
53,married,37,False,False,51,False
42,married,1156,True,False,37,False
50,married,806,True,True,141,False
59,married,2381,False,False,173,False
38,married,-314,True,False,66,False
39,married,285,True,True,209,False
28,single,1199,True,False,1011,False
55,divorced,481,True,False,147,False
33,single,137,False,False,88,False
36,single,168,True,False,52,False
38,divorced,156,True,False,544,False
28,single,4745,False,False,360,True
32,single,11797,True,False,95,False
35,married,786,False,True,322,False
58,married,4015,False,False,106,False
30,married,0,True,False,20,False
33,married,331,True,False,178,False
36,married,1554,True,False,325,False
32,married,132,True,True,343,False
34,single,5086,False,False,213,True
42,married,529,True,True,193,False
41,married,4824,False,True,168,False
63,married,474,False,False,423,True
38,divorced,86,True,False,218,False
54,married,2281,True,False,158,False
39,married,186,True,False,433,False
46,married,137,False,False,252,False
37,married,6968,False,False,175,False
76,divorced,86,False,False,192,False
28,single,81,False,True,158,False
33,married,6904,False,False,114,False
46,married,137,True,True,246,False
30,single,25,False,False,44,False
60,married,759,False,False,136,False
56,married,1922,True,False,247,False
24,single,3298,True,False,227,False
58,married,764,False,False,219,False
79,married,8556,False,False,326,True
32,married,3514,True,False,226,False
33,married,0,True,False,351,False
77,married,680,False,False,341,False
60,married,0,False,True,124,False
54,married,2819,False,False,123,False
30,married,-518,True,True,244,False
50,married,60,False,True,151,False
50,married,732,False,False,736,False
37,married,2707,True,False,109,False
41,married,177,True,False,117,False
49,married,13229,False,True,77,False
41,married,-204,True,True,42,False
40,married,990,True,False,252,False
38,married,648,True,False,179,False
34,married,50,False,False,106,False
49,married,1916,False,True,281,False
72,married,763,False,False,384,True
34,married,470,True,True,217,False
31,married,0,False,True,144,False
33,single,5739,True,True,374,False
31,married,0,False,False,298,False
55,married,-375,False,False,814,True
25,married,157,True,False,33,False
34,married,1518,True,False,128,False
53,married,1343,False,False,129,False
39,single,-401,True,False,274,False
41,married,5310,True,False,984,True
32,single,2285,True,False,413,False
29,married,22171,True,False,44,False
56,married,856,True,True,70,False
19,single,1169,False,False,463,False
39,single,3797,False,False,96,False
32,single,53,True,False,276,False
43,married,2519,True,False,257,False
32,married,795,False,False,131,False
53,divorced,0,True,True,586,False
52,married,2087,True,False,267,True
43,single,34,False,False,29,False
48,married,5,False,False,65,False
27,single,15,True,False,67,False
27,single,390,False,False,190,False
51,married,712,False,False,287,False
39,single,2600,True,False,77,False
33,married,-241,True,True,169,False
50,divorced,1545,True,False,25,False
59,divorced,1026,False,False,669,True
58,married,435,True,False,122,False
54,married,876,False,False,269,True
60,married,1801,False,False,167,False
38,married,2278,True,True,244,False
39,married,157,True,False,99,False
40,married,1327,True,True,76,False
55,married,284,False,True,252,False
36,married,495,False,False,213,True
31,single,1588,True,False,14,False
38,married,0,True,False,121,False
52,married,428,True,False,153,False
45,married,542,False,False,8,False
32,married,66,False,False,244,False
58,divorced,314,False,False,67,False
35,married,24,True,False,169,False
36,single,613,False,False,86,False
55,married,1467,False,True,277,False
45,married,192,True,False,154,False
49,married,321,False,False,135,False
44,married,788,True,False,392,False
37,divorced,48,True,False,133,False
35,married,262,False,False,96,False
36,married,4438,True,False,446,True
44,single,5045,True,False,20,False
32,single,3014,True,False,291,False
56,married,21664,False,False,214,False
32,married,5878,False,False,159,False
35,married,2723,True,True,275,False
44,married,576,True,False,128,False
59,married,0,False,False,207,False
31,single,2197,True,False,146,False
60,married,104,True,False,22,False
33,single,1279,True,False,239,False
45,married,295,True,False,92,False
45,married,2128,True,False,149,False
57,married,367,False,False,107,False
36,married,1477,False,False,71,False
30,single,71,True,False,122,False
30,single,127,True,False,16,False
59,divorced,2921,False,False,251,False
58,married,16264,False,False,215,False
49,married,1672,False,False,128,False
48,married,9207,False,False,445,False
28,single,356,False,False,76,False
59,divorced,133,True,False,206,False
40,married,1217,True,True,155,False
32,divorced,202,True,False,429,False
58,married,590,False,True,133,False
28,single,442,False,False,474,True
27,single,808,True,False,578,False
38,single,427,True,False,17,False
53,married,431,True,False,74,False
60,married,4256,True,False,239,True
33,divorced,0,True,True,275,False
52,divorced,238,True,False,101,False
64,married,846,False,False,671,True
40,single,3,False,False,998,True
52,married,693,False,False,271,False
28,single,0,True,False,133,False
49,married,362,True,False,84,False
28,single,618,True,False,281,False
29,single,2893,True,False,250,False
87,married,230,False,False,144,True
37,divorced,1287,True,False,432,False
36,married,179,False,False,411,False
35,married,980,False,False,428,False
33,married,79,True,False,249,True
60,married,3043,False,False,235,False
25,single,808,False,False,267,True
69,married,745,False,False,595,False
41,married,1309,False,False,28,False
48,single,290,True,False,257,False
35,divorced,1792,True,False,630,True
30,single,178,True,False,747,False
59,married,0,False,False,87,False
32,single,537,False,False,187,False
28,single,416,True,False,452,False
60,married,1472,False,False,36,False
36,married,3953,True,False,277,False
32,single,112,True,False,118,False
34,divorced,13204,True,True,197,False
58,married,0,False,True,101,False
53,married,2240,True,False,282,True
31,married,22546,True,False,8,False
33,married,0,True,False,1448,True
46,divorced,23,False,False,344,False
29,married,228,True,False,12,False
37,married,215,True,False,61,False
58,married,23,True,False,91,False
34,married,293,True,False,162,False
34,divorced,0,False,True,339,False
49,married,199,False,False,113,False
53,married,459,False,False,558,True
42,married,8131,True,False,69,False
40,married,-378,True,True,541,False
30,single,395,False,False,429,False
31,divorced,10787,True,False,135,False
55,married,865,True,False,96,False
36,married,340,True,False,68,False
31,single,1882,False,False,529,False
26,married,265,False,False,650,False
31,married,389,True,False,69,False
49,married,0,True,True,71,False
54,married,384,True,False,30,False
47,divorced,94,True,False,9,False
61,married,1471,False,False,331,False
49,married,937,True,False,66,False
51,married,500,True,False,26,False
53,married,25,True,False,266,False
35,married,365,False,False,168,False
25,single,34,False,True,316,False
79,married,429,False,False,1006,True
53,married,6839,True,False,77,False
21,single,6,False,False,622,False
33,married,467,True,False,494,False
40,divorced,1876,False,True,269,False
34,married,1847,True,False,543,False
52,married,247,False,False,268,False
27,married,897,False,False,397,True
57,divorced,4664,False,False,22,False
51,divorced,1291,True,False,51,False
31,single,64,False,False,208,False
49,married,-471,True,False,77,False
32,single,1160,True,True,450,False
28,single,14,False,False,201,False
33,married,26,True,False,342,False
50,married,452,False,False,181,False
42,single,382,True,False,294,False
45,married,2033,False,False,123,False
34,married,0,True,False,172,False
56,divorced,789,True,False,1022,False
33,single,142,True,False,123,False
34,married,645,True,False,420,False
37,married,897,True,False,119,False
37,married,103,True,False,153,False
35,single,847,True,False,85,False
38,single,0,False,False,260,True
32,married,517,True,False,528,False
52,single,1308,True,False,361,False
49,married,66,True,True,59,False
46,divorced,361,True,False,86,False
42,married,66,True,True,139,False
36,married,70,True,False,219,False
32,married,180,True,False,45,False
49,married,279,True,False,168,False
46,married,4,False,False,268,True
40,married,1416,True,False,210,False
36,married,465,True,False,160,False
36,married,998,True,False,1044,False
34,married,550,False,True,601,False
46,married,1285,True,False,89,False
32,married,4908,False,True,491,False
32,single,336,True,False,139,False
32,single,131,False,False,267,False
43,married,348,False,True,88,False
25,single,453,True,False,134,False
55,married,1102,True,False,126,False
24,single,926,True,True,191,False
40,divorced,502,True,False,267,False
38,single,8669,True,False,5,False
48,single,316,False,False,560,False
36,married,9324,True,False,138,False
57,married,0,False,False,188,False
45,married,72,True,True,262,False
33,single,61,False,False,836,True
38,single,173,False,False,150,False
26,single,-162,True,False,44,False
30,single,47,False,True,11,False
55,divorced,1983,True,False,123,False
34,married,326,True,True,150,False
60,married,2552,False,True,255,False
36,single,1283,False,False,92,False
65,married,2179,True,False,112,False
39,married,1047,False,False,554,True
52,married,36,False,False,109,False
55,married,-308,False,False,781,True
26,single,1177,False,False,116,False
40,married,2077,True,False,363,False
52,married,0,False,False,82,False
29,married,1,False,False,167,False
41,married,7735,True,False,220,False
30,single,1922,True,False,546,False
28,single,153,False,False,1124,True
26,married,2770,True,False,141,False
58,married,139,False,False,188,False
29,single,21,True,False,107,False
48,married,178,True,False,320,False
35,married,444,True,False,244,False
26,single,209,True,False,319,False
49,married,3096,False,False,147,False
34,married,5320,False,False,114,False
32,married,4885,True,True,400,False
31,married,0,True,True,79,False
48,married,5462,False,False,29,False
40,married,6767,True,False,97,False
42,divorced,2974,True,False,187,False
48,married,427,False,False,201,False
38,married,8876,False,False,280,False
53,married,146,False,False,150,False
59,divorced,319,False,False,129,False
28,single,304,False,False,516,False
41,married,389,True,False,127,False
50,single,766,False,False,174,False
31,married,0,True,False,82,False
30,single,3107,True,False,1516,False
59,divorced,174,True,False,204,False
33,divorced,-305,False,True,109,False
35,married,670,False,False,378,False
30,single,6164,True,False,152,False
71,married,2850,False,False,185,True
30,single,79,True,False,317,False
24,married,110,True,False,27,False
34,single,5039,False,False,205,False
34,married,360,True,False,46,False
52,married,199,False,False,978,False
33,single,238,True,True,45,False
38,married,5092,True,False,145,False
41,divorced,1088,True,False,138,False
42,divorced,221,True,False,720,False
38,divorced,889,False,True,362,False
48,married,750,True,False,90,False
34,single,0,True,True,214,False
46,married,1291,True,False,142,False
33,married,1844,True,False,241,False
40,married,89,True,True,148,False
36,married,4280,False,False,227,False
32,single,0,False,False,126,False
33,married,625,True,False,410,False
55,married,574,True,False,243,False
58,married,320,True,False,171,False
25,single,468,True,False,147,False
47,married,440,True,False,91,False
40,married,0,True,False,332,False
59,married,5706,True,False,471,False
40,married,7780,False,False,364,False
30,married,-559,True,True,98,False
25,single,16874,True,True,117,False
58,married,1987,False,False,185,False
39,married,98,True,False,59,False
40,married,642,False,False,147,False
38,married,526,True,True,553,False
66,single,6483,False,False,275,False
47,married,2306,False,False,239,True
37,married,954,True,False,402,False
36,single,-679,True,True,172,False
50,married,-1,False,False,195,False
76,married,2590,False,False,68,False
58,single,331,False,True,82,False
42,married,4209,True,False,57,False
58,divorced,462,False,False,495,True
28,single,0,True,False,479,False
41,married,0,False,False,141,False
30,married,151,False,False,82,False
32,divorced,883,True,False,798,True
27,single,266,False,True,232,False
48,married,0,False,False,60,False
36,married,491,True,False,103,False
54,married,3,False,True,443,False
36,married,198,True,False,400,False
52,married,14363,False,False,132,False
34,divorced,0,True,True,374,False
43,married,136,False,False,363,True
32,single,28,False,False,111,False
33,single,335,False,False,130,False
51,married,174,False,False,308,False
39,married,270,True,False,116,False
44,single,1206,False,False,160,False
49,divorced,198,True,False,205,False
25,married,914,True,False,185,False
39,married,31,True,False,61,False
54,married,0,False,False,159,False
32,single,347,True,False,213,False
36,married,860,True,False,294,False
54,married,89,True,False,140,False
31,married,0,True,True,71,False
45,married,0,False,True,47,False
31,single,68,True,False,570,False
45,married,-149,True,False,287,False
33,divorced,2411,True,False,130,True
46,divorced,225,True,False,201,False
43,single,2731,False,False,11,False
50,married,112,True,False,70,False
44,divorced,0,False,False,54,False
42,married,3620,True,False,22,False
26,single,179,False,False,103,False
47,single,1544,True,False,104,False
48,married,199,False,False,29,False
60,married,231,True,False,57,False
27,divorced,76,True,False,236,False
30,single,302,False,False,528,True
28,single,189,True,False,68,False
58,married,565,False,False,876,True
37,married,310,False,False,76,False
36,married,1746,True,False,99,False
39,married,6,True,False,122,False
52,married,-110,False,True,141,False
55,married,2749,True,True,58,False
30,single,6495,False,False,78,False
36,single,35,True,False,435,False
39,married,-650,False,False,123,False
47,married,292,False,True,210,False
42,single,5774,True,False,54,False
42,married,2416,True,False,138,False
58,married,35,False,False,336,False
68,married,19317,True,False,249,True
43,married,50,False,False,63,False
44,married,-674,True,False,257,False
49,married,3726,False,False,875,True
57,married,1180,True,True,191,False
61,divorced,6610,False,False,481,True
36,single,319,True,False,120,False
31,married,1545,True,True,207,False
51,married,1315,False,False,303,False
31,single,424,False,False,93,False
56,married,151,False,False,128,False
30,single,-970,False,True,194,False
38,married,-762,True,True,408,False
35,married,181,True,False,5,False
31,married,-120,True,False,231,False
39,divorced,1022,True,False,20,False
50,married,78,True,False,218,False
39,married,209,False,False,36,False
26,married,2469,False,False,136,False
55,married,0,False,False,336,False
43,divorced,328,False,True,192,False
34,married,0,False,False,141,False
51,married,307,True,True,65,False
31,married,1384,True,False,203,False
32,married,0,False,False,104,False
53,married,719,True,False,230,False
44,divorced,0,False,False,71,False
38,married,6704,True,False,205,False
47,married,4543,True,False,162,False
36,married,0,True,False,145,False
30,single,149,True,False,220,False
46,married,-1400,True,False,309,False
33,married,-118,True,True,421,False
43,married,2160,False,False,261,True
38,married,3452,False,False,132,False
27,single,842,False,False,273,False
38,married,3576,False,False,349,True
41,married,1666,False,False,291,False
29,married,0,True,False,83,False
39,married,0,True,False,793,False
42,single,1628,True,False,119,False
47,married,51,True,True,312,False
30,single,447,False,False,103,False
34,married,396,True,False,101,False
45,married,4994,False,False,48,False
43,married,3215,True,False,228,False
59,married,2814,False,False,81,False
50,married,0,False,False,152,False
39,married,293,True,False,160,False
36,married,474,True,False,59,False
44,married,16178,True,False,297,False
36,married,0,False,False,147,False
27,single,88,False,False,143,False
29,married,308,True,False,75,False
70,married,1164,False,False,338,False
44,married,13893,False,False,29,False
55,married,0,True,False,159,False
36,divorced,-435,True,False,85,False
28,single,389,True,False,15,False
50,divorced,356,False,False,198,False
49,married,2718,False,False,114,False
71,divorced,261,False,False,1117,False
31,single,757,False,False,343,False
45,single,16,False,False,59,False
42,married,-422,False,False,31,False
45,married,248,False,False,212,False
47,married,145,True,False,157,False
60,divorced,598,False,True,96,False
35,married,949,True,False,245,False
31,single,614,False,False,72,False
33,married,1209,True,False,700,False
50,married,202,True,False,107,False
51,married,1840,True,False,312,False
34,married,114,True,True,153,False
56,married,-229,False,True,55,False
29,married,182,True,False,38,False
31,married,401,False,False,96,False
44,divorced,759,True,False,397,False
55,married,4194,False,True,208,False
35,single,0,False,False,122,False
36,married,629,True,True,109,False
54,married,153,True,True,74,False
32,married,553,True,False,72,False
36,divorced,1057,False,False,383,False
60,married,78,True,False,113,False
32,single,-28,False,True,400,False
57,married,929,False,False,387,False
34,married,428,True,False,59,False
27,single,268,True,False,528,False
52,single,83,False,False,1223,True
45,divorced,998,True,False,38,False
58,single,2223,False,False,1139,False
39,single,6,True,False,286,False
48,single,312,True,True,369,False
36,single,0,False,False,333,False
31,single,691,True,False,198,False
41,married,771,True,False,106,False
30,single,192,False,False,423,False
57,married,0,False,False,116,False
29,single,1070,True,False,30,True
29,divorced,84,True,False,1101,True
30,single,2,False,False,102,False
44,married,1242,True,False,384,False
33,single,5969,False,False,156,False
56,divorced,3337,True,False,99,False
26,single,1347,False,False,280,True
52,married,64,False,False,20,False
32,single,249,True,False,258,False
36,single,0,False,False,85,False
26,married,128,False,False,355,False
37,married,196,True,False,66,False
34,married,351,True,False,467,False
26,single,5533,True,False,582,False
32,married,38,True,False,744,True
30,single,35,False,False,185,False
27,single,235,True,False,13,False
42,single,30,True,False,98,False
33,single,92,True,False,127,False
37,married,67,False,False,45,False
45,married,4022,True,False,244,False
36,married,3057,False,False,2769,True
39,single,0,True,False,561,False
33,single,349,False,False,182,False
47,married,2322,False,False,618,False
49,married,167,True,True,198,False
46,divorced,558,False,False,126,False
31,married,-230,True,True,715,False
43,divorced,4094,True,False,63,False
30,single,239,True,False,412,True
43,divorced,497,False,False,66,False
42,married,179,True,False,96,False
30,single,305,False,False,633,True
33,single,-67,True,False,364,False
41,married,4539,False,False,298,False
29,single,770,True,False,341,False
38,married,-673,True,False,364,False
29,married,858,True,False,234,False
80,married,0,False,False,639,True
38,single,5244,False,False,310,False
36,divorced,117,True,False,123,False
38,married,846,False,False,253,False
44,married,0,True,False,96,False
31,married,1331,False,False,297,True
31,single,31,True,True,501,False
57,divorced,179,True,False,67,False
37,married,543,True,False,281,False
50,married,253,True,True,475,False
60,married,71188,False,False,205,False
51,married,5108,True,False,272,False
48,married,1738,True,False,349,False
42,married,-97,True,False,216,False
36,married,199,True,False,183,False
43,married,489,True,False,130,False
31,married,355,True,True,61,False
49,single,-97,True,False,92,False
35,divorced,473,False,True,37,False
44,married,6649,True,False,354,False
34,married,263,False,False,203,False
46,married,781,False,False,152,False
49,married,1032,True,False,41,False
32,married,119,False,False,20,False
35,divorced,434,True,False,277,False
51,married,2967,False,False,83,False
57,divorced,-331,True,False,531,False
59,married,1585,False,False,91,False
40,divorced,4384,True,False,315,False
49,single,588,False,False,70,False
51,married,3180,True,False,384,False
35,married,0,False,True,105,False
29,married,-76,True,False,305,False
32,single,152,True,False,158,True
37,divorced,1040,True,False,199,False
49,married,-384,True,False,25,False
45,married,473,True,False,147,False
34,single,475,True,False,538,False
53,married,0,False,False,77,False
42,married,149,False,False,94,False
43,married,3285,True,False,1721,True
52,married,424,False,False,143,False
34,single,79,False,True,104,False
34,divorced,674,True,False,587,True
27,married,0,True,False,1608,True
43,married,58,True,False,48,False
41,married,532,True,False,74,False
72,married,4130,False,False,427,False
35,married,422,True,False,73,False
41,married,437,True,False,14,False
36,divorced,-308,True,False,725,True
51,married,30,True,False,333,False
37,married,137,False,False,244,False
42,single,-247,True,True,519,True
26,single,321,True,False,242,False
23,single,250,True,False,222,False
50,married,-470,True,False,130,False
37,married,140,True,True,490,False
35,married,2793,False,False,258,False
37,married,410,False,False,337,False
79,divorced,2628,False,False,220,False
39,married,116,False,False,79,False
47,married,0,True,False,250,False
44,married,878,True,False,130,False
36,single,2944,False,False,882,True
33,single,3975,True,True,515,False
42,married,96,True,False,238,False
35,single,2288,False,False,32,False
31,married,472,True,False,907,False
58,married,65,False,False,162,False
46,married,0,False,False,70,False
41,single,400,True,False,99,False
58,married,7495,True,False,325,False
33,married,137,False,True,305,False
31,married,24,True,False,631,False
55,divorced,3450,False,False,169,True
38,single,311,True,False,61,False
55,married,139,False,False,256,False
47,single,0,False,False,58,False
51,married,492,True,False,142,False
46,single,334,True,False,36,False
61,married,997,False,False,106,True
47,single,440,False,False,71,False
34,married,47,False,False,132,False
34,married,1298,True,False,120,False
41,divorced,3355,False,False,181,False
36,divorced,-11,False,False,152,False
26,single,396,True,False,302,False
35,married,8,False,False,93,True
36,married,1409,False,False,235,False
26,single,170,False,False,129,True
58,married,2769,True,False,94,False
50,married,2320,True,False,310,False
61,married,76,True,False,195,False
28,single,2034,True,False,196,False
49,single,3018,True,False,93,False
74,married,921,False,False,394,True
53,married,483,True,False,288,False
46,married,390,True,False,208,False
47,married,0,False,False,508,True
42,single,92,False,False,86,False
56,married,22196,True,False,189,False
42,married,2,False,False,249,False
49,married,249,True,False,450,False
43,single,3274,True,False,680,False
39,married,5731,True,False,175,False
66,married,206,False,False,479,True
30,single,2325,False,False,270,False
38,single,0,False,False,164,False
31,married,1664,True,False,158,False
32,married,3333,False,False,50,False
48,married,7020,False,False,80,False
34,married,37,False,False,45,False
28,single,28,False,False,220,False
40,single,1670,True,False,161,False
36,married,134,False,False,98,False
52,married,603,False,True,79,False
46,married,276,True,True,157,False
25,single,2157,True,False,339,False
52,married,161,True,False,274,False
40,married,3658,True,False,977,False
26,divorced,-402,False,True,127,False
26,single,3342,True,False,329,False
35,single,1732,False,False,1441,False
40,single,263,True,False,231,False
31,married,623,True,False,96,False
32,married,3540,True,False,213,False
33,married,95,True,False,335,True
53,divorced,765,True,False,959,True
46,divorced,-824,True,False,429,True
28,single,5549,False,False,383,False
31,married,191,True,False,40,False
44,married,420,True,False,110,False
35,married,0,False,False,326,False
50,divorced,2706,True,False,179,False
32,married,4,True,True,132,False
51,married,423,True,True,95,False
51,married,-892,True,True,248,False
31,married,-120,True,False,100,False
41,divorced,-365,True,False,226,False
57,married,27069,False,True,174,False
34,single,8038,True,False,29,False
47,married,-938,True,False,176,False
47,divorced,1139,True,False,106,False
36,married,189,True,False,136,False
29,single,19,False,False,110,True
39,married,3663,False,False,230,False
53,single,0,False,False,140,False
47,married,-614,True,False,118,False
51,divorced,2323,True,True,151,False
48,married,425,True,False,693,False
32,married,5122,False,False,31,False
36,divorced,608,False,False,125,False
50,married,341,True,True,670,True
39,married,607,True,False,454,True
31,married,1495,True,True,159,False
49,married,381,False,False,504,False
33,divorced,385,False,False,29,False
26,single,1274,True,False,190,False
27,married,362,True,False,332,False
51,married,377,True,False,143,False
26,single,802,False,False,77,False
45,married,194,False,False,517,False
54,married,-315,False,True,2029,True
49,married,1843,True,False,269,False
47,married,-9,False,False,457,False
42,married,83,False,True,184,False
50,married,433,True,False,47,False
37,married,-107,True,False,158,False
54,married,4503,False,False,168,False
40,married,51,True,False,50,False
50,married,961,False,True,757,False
57,married,49,True,True,93,False
33,married,3470,False,False,285,False
49,married,-147,True,False,390,False
35,married,0,True,False,146,False
28,single,0,True,False,386,False
58,married,172,False,False,145,False
31,single,-407,False,True,230,False
36,divorced,649,False,False,237,False
49,single,1040,False,False,474,False
30,married,142,True,False,350,False
29,single,209,True,False,487,False
50,married,3304,False,False,1009,False
26,single,294,False,False,87,True
27,married,4848,True,True,82,False
32,single,1670,True,False,183,False
62,married,367,False,False,139,False
34,single,13683,True,False,115,False
25,single,1420,False,False,124,False
34,single,340,True,False,633,False
44,single,1679,False,False,718,True
38,married,1198,True,False,63,False
57,married,169,False,False,180,False
36,married,506,False,False,47,False
41,married,1249,True,False,391,False
36,single,678,False,True,85,False
27,single,212,True,False,373,False
37,divorced,23,False,False,289,False
47,single,4402,False,False,805,True
31,divorced,459,True,False,623,True
39,married,4722,True,False,483,False
35,divorced,1555,True,False,26,False
40,married,61,True,False,112,False
38,single,0,True,False,213,False
31,married,3706,True,False,129,False
36,married,1177,False,False,330,True
53,married,2096,False,False,104,False
59,married,748,False,False,184,False
29,single,3357,False,False,120,False
30,single,3809,True,False,159,False
52,married,395,True,False,391,False
55,married,1011,True,False,112,False
56,married,420,True,False,76,False
32,married,76,True,False,189,False
24,married,0,False,False,94,False
51,married,844,True,False,184,False
36,married,1318,True,False,100,False
36,married,167,True,False,57,False
42,married,2187,True,False,525,True
49,married,14440,True,False,60,False
48,married,2294,True,False,251,False
36,married,80,True,False,251,False
48,married,2537,False,False,219,False
30,married,569,False,False,976,True
27,single,0,False,True,46,False
38,married,0,True,False,185,False
36,single,12,False,False,587,True
45,married,49,False,False,65,False
44,married,460,False,False,491,False
42,married,613,True,False,432,False
37,married,7944,False,False,102,False
48,married,1143,True,False,264,False
57,married,-464,True,False,75,False
44,married,1989,True,True,106,False
48,married,17,True,True,81,False
56,married,-1,False,False,89,False
37,married,1698,True,False,95,False
47,married,5306,True,False,322,False
54,married,0,False,False,94,False
51,divorced,1679,False,False,417,True
47,married,3676,False,False,567,True
25,married,-242,True,True,600,True
39,single,471,False,False,5,False
40,married,8902,True,False,464,False
38,single,1704,False,False,222,False
34,married,3050,True,False,469,True
53,married,2581,False,False,99,False
32,married,162,True,False,297,False
35,married,243,True,False,41,False
24,single,1847,False,False,390,False
58,married,0,True,False,535,False
49,married,3371,False,False,269,True
45,single,1757,True,False,1010,False
55,married,171,True,False,73,False
42,married,157,True,True,650,False
28,married,934,True,False,53,False
48,married,-19,False,True,270,False
51,single,-55,True,False,119,False
38,married,21,False,False,634,False
27,single,14,False,False,72,False
50,single,246,True,False,270,False
44,married,887,True,False,165,False
40,married,51,False,False,164,False
29,single,-287,True,False,196,False
34,married,0,True,False,78,False
44,single,2734,True,False,897,True
50,married,52,False,False,22,False
34,married,2594,True,False,161,False
54,divorced,22,False,False,23,False
34,married,1611,True,False,490,False
34,single,18,True,True,359,True
52,married,1331,True,False,213,False
60,married,7337,False,False,122,False
39,single,835,True,False,587,False
58,married,5092,False,False,199,False
41,divorced,52,False,False,261,False
48,married,10655,False,False,5,False
58,married,1831,False,False,1531,False
40,married,92,True,False,92,False
48,married,586,True,True,179,False
52,divorced,1758,True,False,41,False
50,married,2061,True,True,197,False
25,single,959,False,False,144,False
54,married,208,False,False,255,False
34,married,-315,True,False,56,False
48,married,-13,True,False,20,False
37,married,801,False,False,331,False
66,married,1948,False,False,216,True
32,single,751,True,False,64,False
45,married,784,True,True,34,False
43,single,24,False,False,68,False
41,married,72,True,False,764,False
40,divorced,1871,True,False,64,False
44,single,1378,True,False,257,False
43,married,188,True,False,58,False
30,single,6836,False,False,30,False
32,married,61,True,False,529,False
57,married,-967,True,False,8,False
31,single,462,True,True,147,False
49,married,0,False,False,173,False
31,single,5527,True,False,132,False
41,married,1287,False,False,286,False
44,married,17361,False,False,476,False
54,married,1956,False,False,221,False
37,divorced,0,True,False,146,True
34,married,-294,True,False,532,False
43,married,275,False,False,69,False
44,married,724,True,False,157,False
44,married,27,False,False,485,False
53,divorced,26,True,False,56,False
36,married,191,False,False,69,False
58,divorced,-123,False,False,131,False
26,single,-147,False,False,95,False
34,single,179,False,False,294,False
55,married,1086,True,False,146,False
55,married,471,True,False,58,False
34,married,105,True,False,249,False
41,divorced,1588,True,True,10,False
38,divorced,70,False,False,255,True
28,single,2700,False,False,337,False
41,married,1602,True,False,142,False
30,married,0,True,False,209,False
39,married,839,False,False,825,False
41,married,21515,True,False,87,False
36,married,5902,True,False,219,False
37,married,547,True,True,143,False
59,married,3800,False,True,70,False
26,single,261,True,False,371,False
43,married,0,True,True,539,False
42,married,-34,False,False,176,False
46,married,9328,True,False,725,True
31,married,5,True,True,101,False
43,married,3529,False,False,169,False
48,single,2330,True,False,15,False
41,married,1334,True,False,234,False
32,married,3601,False,False,171,False
45,married,265,False,False,14,False
52,single,2227,False,False,242,True
37,married,487,False,True,155,False
38,divorced,0,True,False,580,False
36,single,174,True,False,223,False
58,married,14412,False,False,297,False
37,married,3288,False,False,124,False
30,single,57,False,False,465,False
47,married,2246,True,False,330,False
40,married,4441,True,False,153,False
42,divorced,0,False,False,131,False
71,married,353,False,False,208,False
54,married,448,True,True,98,False
53,married,27,True,False,230,True
33,divorced,474,False,False,400,False
30,single,1185,True,False,284,False
39,divorced,282,True,False,243,False
32,married,2,True,False,16,False
34,single,60,False,False,274,False
39,single,3972,False,False,122,False
75,married,26452,False,False,219,False
33,divorced,818,True,True,301,False
40,married,9374,True,False,7,False
37,married,47,False,False,374,False
69,married,279,False,False,26,False
52,married,20,True,False,172,False
31,divorced,360,False,False,332,False
28,single,1532,False,False,253,False
29,single,1673,False,False,200,False
46,married,2420,False,False,405,False
28,married,100,True,True,132,False
41,married,0,False,False,89,False
42,divorced,1533,False,True,86,False
34,single,296,False,False,147,False
28,married,2788,True,False,369,True
43,single,109,True,False,64,False
32,married,485,False,False,98,False
33,single,125,False,False,66,False
70,married,616,False,False,149,False
36,married,3064,True,False,240,False
53,married,206,False,False,87,False
30,single,6900,False,False,816,False
45,divorced,-179,False,False,155,False
31,single,481,True,False,106,False
28,married,12,True,False,73,False
45,married,0,False,False,574,False
51,married,176,True,True,8,False
53,married,4086,False,False,14,False
40,married,257,True,False,731,False
53,married,53,True,False,208,False
31,divorced,6,True,False,821,False
30,married,562,False,False,137,False
53,married,-118,True,False,101,False
40,married,2805,True,False,173,False
26,single,565,True,False,582,False
47,married,0,True,False,676,False
51,married,1612,False,False,384,False
45,married,180,True,True,62,False
35,married,0,True,False,295,False
36,single,876,True,False,241,False
57,married,2137,False,False,132,False
42,married,260,True,False,175,False
32,married,-53,True,False,648,True
30,married,944,False,False,251,True
36,married,2394,False,False,184,False
43,married,297,True,False,119,False
69,single,2144,False,False,417,True
31,single,969,False,False,95,False
35,married,0,False,False,125,False
26,married,37,True,True,207,False
46,married,410,False,True,162,False
30,married,1211,True,False,176,False
33,single,71,False,False,107,False
34,married,436,True,False,28,False
48,married,559,True,False,1231,False
31,married,1170,False,False,200,False
46,divorced,25,False,False,103,False
40,married,1325,False,False,150,False
39,married,0,False,False,108,False
33,single,647,True,True,124,False
50,married,2142,True,False,309,False
84,divorced,639,False,False,353,True
40,married,177,True,True,742,False
55,married,236,False,False,200,False
40,divorced,1959,True,False,177,False
46,married,96,False,False,151,False
43,single,0,False,False,147,False
34,married,250,True,False,193,False
35,single,126,False,False,112,False
57,married,1621,True,False,108,False
25,single,8,False,False,107,True
32,married,189,True,False,106,False
52,single,316,False,False,463,False
31,single,-282,True,False,131,False
34,married,-308,True,False,140,False
42,divorced,248,False,False,163,False
47,divorced,126,True,False,2456,True
50,divorced,13,True,False,76,True
30,married,-393,True,True,435,True
33,single,358,True,False,302,False
56,single,917,False,False,306,False
34,divorced,1268,True,False,259,False
33,married,-163,True,True,502,False
32,single,473,True,False,72,False
34,married,4831,True,False,265,False
37,married,1063,True,False,413,False
30,married,0,True,False,756,False
29,married,424,True,True,241,False
56,divorced,802,False,False,258,False
31,married,430,True,False,137,False
59,married,3940,False,False,48,False
36,married,2880,False,False,283,False
51,divorced,1069,True,False,247,False
54,divorced,4382,True,False,193,False
37,married,0,False,False,129,False
32,married,3939,False,False,209,False
42,married,753,False,False,31,False
29,married,358,False,False,88,False
52,married,1141,True,False,22,False
40,married,1259,False,False,234,False
30,married,227,False,True,23,False
55,divorced,538,True,False,353,True
49,married,92,True,False,221,False
33,married,8023,False,False,196,False
32,single,2478,False,True,395,False
21,single,6844,False,False,126,False
42,married,440,True,False,13,False
56,married,800,False,True,170,False
39,single,914,False,False,20,False
30,single,638,False,False,358,False
55,married,159,False,False,159,False
43,married,483,True,False,225,False
53,married,94,False,False,493,True
57,married,1044,False,False,585,True
39,single,0,False,False,13,False
56,divorced,401,True,False,26,False
29,single,33,False,False,161,False
38,married,506,True,True,122,False
59,married,1881,False,False,456,False
42,single,344,True,False,26,False
46,married,0,True,False,51,False
31,married,3,True,False,37,False
35,divorced,221,True,False,150,False
50,married,36,False,False,104,False
42,married,969,True,False,721,False
36,single,760,False,False,9,False
25,single,220,False,False,68,False
42,single,10907,False,False,74,False
27,single,-148,True,False,146,False
32,married,415,True,False,777,True
57,married,1341,True,False,339,False
48,married,865,True,False,78,False
34,divorced,-566,True,False,248,False
33,married,210,True,True,201,False
26,single,1275,True,False,18,False
50,married,579,False,False,83,False
60,single,2934,False,False,233,False
47,married,6637,True,False,174,False
31,married,271,False,False,89,False
52,married,0,False,False,145,False
36,married,472,True,False,1017,False
43,married,487,True,False,548,False
30,single,699,True,False,213,False
32,married,150,False,False,210,False
31,single,1130,True,False,224,False
29,single,584,True,False,541,False
48,divorced,3186,False,True,104,False
32,single,133,False,False,171,True
30,single,868,False,False,387,False
48,married,480,True,False,830,True
51,married,1883,True,False,57,False
34,married,606,False,False,97,True
35,married,603,True,False,474,False
49,single,548,False,False,115,False
36,married,-872,True,True,153,False
37,divorced,33,True,False,106,False
37,married,1689,True,False,645,False
49,married,902,False,False,210,False
44,divorced,0,True,True,97,False
40,married,260,False,False,52,False
57,married,589,True,False,223,False
39,married,626,True,False,126,False
38,married,0,False,True,1473,False
51,divorced,78,True,False,723,False
27,single,3792,False,False,279,True
38,single,14058,False,False,293,False
30,single,-522,True,True,670,True
36,single,386,False,False,359,False
37,married,1978,False,False,404,True
53,married,459,False,False,317,False
38,married,2812,True,False,830,True
48,married,5057,False,True,37,False
26,married,-759,True,False,191,False
33,single,-416,True,False,767,True
47,married,2106,True,False,168,False
45,divorced,220,True,False,89,False
32,divorced,0,True,False,746,False
69,married,426,False,False,225,True
65,married,4717,False,False,256,True
37,married,395,True,False,219,False
45,divorced,0,True,False,211,False
36,married,-206,True,False,177,False
62,divorced,6,True,False,216,True
37,married,4039,False,True,106,False
39,divorced,687,True,False,869,True
38,single,-242,True,False,1173,True
31,married,582,True,False,58,False
58,divorced,8218,True,False,124,False
44,single,1424,True,False,201,False
31,married,92,True,False,688,True
33,single,2085,False,False,501,True
36,single,197,False,False,260,True
31,single,2305,False,False,139,False
45,married,-547,True,False,214,False
30,single,411,False,False,142,False
34,married,584,True,False,154,False
34,married,997,True,True,81,False
39,divorced,83,True,False,69,False
41,married,6563,False,False,136,False
32,single,0,True,False,99,False
32,single,0,False,False,9,False
36,married,398,True,False,278,False
35,married,1145,True,False,82,False
32,single,2,True,False,100,True
33,single,201,True,False,171,False
49,married,563,False,False,84,False
35,married,3161,False,False,433,False
31,married,0,False,True,624,False
42,married,1331,False,False,698,False
34,married,2929,False,False,518,True
32,married,-220,True,True,123,False
29,single,5980,True,False,317,False
32,single,48,True,False,8,False
50,single,0,False,False,118,False
58,married,3382,False,True,294,False
59,married,2308,False,False,815,True
25,married,10,True,False,857,True
57,married,162,True,False,174,False
30,single,1073,True,False,1130,False
26,single,1700,True,False,13,False
50,single,148,True,False,198,False
39,married,0,True,False,503,False
45,married,185,True,False,249,False
37,divorced,896,False,True,343,False
47,divorced,1279,True,False,479,False
50,married,199,True,True,116,False
40,married,99,False,False,15,False
35,married,378,True,False,427,False
53,married,15,False,False,921,True
35,married,147,True,True,41,False
54,married,2225,False,True,73,False
35,single,1810,True,False,65,False
31,married,-6,False,True,94,False
46,divorced,435,True,False,192,False
52,married,335,False,False,411,True
34,divorced,-251,False,False,641,True
46,divorced,5,True,True,305,False
54,married,641,True,False,472,False
37,married,0,True,False,115,False
39,married,722,False,False,141,False
50,married,3337,True,True,24,False
44,divorced,0,False,False,264,False
56,married,1504,True,False,66,False
40,married,35,False,False,318,False
36,married,895,True,True,622,False
33,married,752,True,False,104,False
33,single,1925,True,False,76,False
42,married,-246,True,False,149,False
30,single,901,True,True,601,False
33,single,894,False,False,509,False
26,single,592,True,True,174,False
26,single,3529,False,True,57,False
37,married,0,True,True,187,False
59,married,0,False,False,493,True
49,married,371,True,False,18,False
33,single,1,True,False,257,False
46,single,834,True,False,196,False
55,married,298,True,False,144,False
49,married,306,True,False,285,False
51,married,143,True,False,627,False
27,married,186,True,False,136,False
44,married,5597,False,False,27,False
40,single,1547,True,False,88,False
36,married,1852,False,False,362,False
46,single,1790,True,False,214,False
30,single,20,True,False,404,False
35,married,8652,True,False,103,False
31,single,1626,False,False,356,False
37,married,749,False,False,219,False
49,married,51,True,False,984,False
27,single,-1,False,False,60,False
32,married,-32,True,False,145,False
70,divorced,6850,False,False,252,False
22,single,333,False,True,129,False
58,married,-27,False,True,77,False
33,married,932,True,False,226,False
83,divorced,0,False,False,664,False
50,divorced,100,True,True,157,False
53,married,-626,True,False,205,False
37,single,9,False,False,484,False
55,divorced,653,False,False,800,False
49,married,3608,True,False,231,True
41,married,293,True,True,102,False
40,single,36,True,False,240,False
48,married,263,True,False,350,False
27,single,8366,False,False,458,False
30,single,2186,True,False,366,False
37,single,20453,True,False,115,False
37,single,105,False,True,260,False
40,married,440,True,False,327,False
73,married,519,False,False,434,True
50,married,19447,True,True,166,False
53,married,225,False,False,171,False
47,married,2548,True,False,577,False
33,divorced,0,False,False,224,False
50,married,2284,True,False,1088,True
51,married,40,True,False,79,False
42,divorced,364,False,False,52,False
34,single,174,False,False,259,False
44,married,10888,True,False,163,False
32,married,0,True,True,159,False
60,married,225,False,False,54,False
60,divorced,2131,False,False,421,False
29,single,-20,False,True,574,True
39,single,36,False,False,70,False
47,married,2642,False,False,310,False
30,married,400,True,False,223,False
31,single,1214,False,False,39,False
34,single,-292,True,False,181,False
51,married,1415,True,False,151,False
38,married,213,True,False,270,False
47,single,2540,False,False,110,False
46,single,3232,False,False,94,False
33,married,296,False,False,90,False
30,married,42,False,False,115,False
40,married,697,False,False,220,False
38,single,13156,True,False,291,False
63,divorced,1490,False,False,506,True
33,married,150,False,False,151,False
59,married,0,False,False,812,True
29,single,4210,True,False,119,False
54,divorced,1012,True,False,33,False
57,married,16063,True,False,352,False
57,married,5431,True,True,383,False
28,single,317,True,False,21,False
30,single,4787,True,False,266,False
28,married,225,True,True,866,False
45,divorced,3854,True,False,10,False
29,divorced,92,True,False,240,False
42,married,-10,True,False,291,False
31,married,-617,True,False,115,False
59,divorced,195,False,False,366,False
41,married,1172,True,False,153,False
57,married,0,False,False,197,False
43,divorced,0,False,False,106,False
30,divorced,-94,True,False,41,False
26,single,609,False,False,112,False
52,single,4,False,True,30,False
32,divorced,1121,True,True,211,False
39,divorced,355,True,False,313,False
31,married,3653,True,True,252,False
83,divorced,1097,False,False,181,True
34,married,436,False,True,118,False
40,married,4795,True,False,57,False
39,married,266,False,False,102,False
50,married,3357,False,False,239,True
30,married,101,True,True,187,False
43,married,10910,True,False,66,False
49,married,1568,False,False,206,False
41,single,0,False,False,239,False
35,married,305,True,False,7,False
57,married,31,False,False,260,False
29,married,452,True,False,347,False
48,married,5,True,False,697,False
38,divorced,7929,False,False,182,False
41,married,39,True,False,549,True
39,married,267,False,False,1151,False
31,married,4945,False,False,445,False
51,married,463,True,False,213,False
35,single,2116,True,False,409,False
45,divorced,59,True,False,873,True
28,married,131,True,False,147,False
57,married,107,False,False,85,False
36,married,-35,False,False,339,False
49,married,230,True,False,96,False
34,single,2679,True,False,195,False
65,married,493,False,False,622,False
26,single,256,True,False,101,False
52,married,-133,False,False,96,False
32,single,811,True,False,563,True
33,married,302,True,True,670,False
43,married,3529,True,False,190,False
26,single,75,True,True,351,False
45,married,999,True,False,215,False
30,single,7845,True,False,59,False
37,divorced,260,True,False,446,False
45,single,2048,True,False,310,True
34,married,1557,True,True,213,False
35,married,505,True,True,371,False
41,married,1536,False,False,54,False
42,married,0,False,False,118,False
48,married,439,True,False,212,False
45,married,44,False,False,81,False
47,married,295,True,False,157,False
37,married,190,True,True,194,False
32,married,3935,True,False,129,False
40,married,-17,True,True,474,True
35,single,175,True,False,219,False
31,single,4888,True,False,475,False
36,single,40,False,False,359,False
44,married,4460,False,False,168,False
52,divorced,98,False,True,148,False
28,single,330,False,False,197,False
45,married,13117,False,False,42,False
38,married,12877,False,False,118,False
39,married,1506,True,False,299,False
28,single,0,False,False,198,False
31,single,775,False,False,361,False
46,married,258,True,False,217,False
22,single,246,True,False,25,False
49,single,2146,True,False,1516,True
44,married,304,True,False,129,False
31,single,360,True,False,592,False
53,married,3316,True,False,331,False
55,married,6880,False,False,353,False
35,married,2189,False,False,256,False
35,married,5304,True,False,340,False
37,single,102,True,False,101,False
50,married,181,True,False,599,False
37,married,3953,True,False,610,False
37,single,6969,True,False,412,False
29,single,572,False,False,314,True
31,single,223,True,False,508,False
40,married,-396,True,False,127,False
47,divorced,164,False,False,212,False
55,married,2678,False,True,151,False
33,single,920,True,False,58,False
53,divorced,4554,False,False,8,False
38,single,623,False,False,297,True
61,married,967,False,False,180,False
43,divorced,1577,True,False,87,False
42,married,1,True,False,59,False
36,divorced,0,False,False,81,False
31,single,1166,True,False,207,False
59,married,3534,False,False,216,False
29,married,200,True,False,322,False
33,married,4790,True,False,137,False
44,married,-237,True,False,73,False
43,married,1335,True,False,371,False
42,married,603,True,False,298,False
32,single,577,False,False,101,False
43,married,0,True,False,110,False
39,single,163,True,False,107,False
23,married,1158,True,False,743,False
43,married,642,False,False,644,False
46,married,466,True,False,169,False
31,married,119,True,False,380,False
38,married,3436,False,False,663,True
53,married,238,True,False,238,False
37,married,378,True,False,514,False
49,divorced,32,False,False,128,False
31,single,315,False,False,130,False
45,married,6945,False,False,131,False
58,married,3496,True,False,111,False
35,single,0,True,False,169,False
32,single,309,True,True,346,False
28,single,0,True,False,205,False
26,single,668,True,False,576,True
48,married,1175,True,False,1476,False
30,single,363,False,False,171,False
31,single,38,False,False,185,False
31,married,1183,True,False,676,False
45,divorced,942,False,False,362,False
38,married,4196,True,False,193,False
34,married,297,True,False,63,False
42,married,-91,True,True,43,False
60,married,362,False,True,816,True
42,single,1080,True,True,951,True
32,single,620,True,False,1234,True
42,divorced,-166,False,False,85,False
33,married,288,True,False,306,False
42,married,642,True,True,509,False
51,married,2506,False,False,210,False
36,divorced,566,True,False,129,False
46,married,668,True,False,1263,True
40,married,1100,True,False,660,False
49,married,322,False,False,356,False
38,married,1205,True,False,45,False
32,single,473,True,False,624,False
33,married,-333,True,False,329,False
57,married,-3313,True,True,153,False
57,married,295,False,False,151,False
28,married,1137,False,False,129,False
44,single,1136,True,True,345,False
